label,type,family,covars,n_tests,mean_mae_rate,sd_mae_rate,mean_rmse_rate,mean_mae_log,mean_cor_rate,mean_mae_count,sd_mae_count,mean_rmse_count,mean_cor_count,mean_zero_acc,skill_mae_rate,skill_rmse_rate,skill_mae_count,skill_rmse_count,rank_rate,rank_count
"Hurdle GLM (base, log(max_wind_speed) & log(sdi))",hurdle,glm,base,25,1.6004274781200494,0.8248404589580997,14.758670760091748,2.290606949457126,-0.1261387651470734,390.3075525510659,251.59052764542065,5299.37954980729,0.0038742825478974507,0.47057122198120027,0.70085154426086,0.01613427710891291,0.8418423381572788,0.33864729078892064,69.0,221.0
"Hurdle GLM (base, log(max_wind_speed))",hurdle,glm,base,25,1.5990156390526105,0.8251475114291551,14.757848551210138,2.2831338759165476,-0.11887281568584053,389.9624583278136,252.02906904941494,5299.02545281424,0.005639886249295672,0.4730296456977585,0.7011154421772297,0.016189088490562553,0.8419821747940752,0.33869148143491523,64.0,219.0
"Hurdle GLM (base, log(sdi))",hurdle,glm,base,25,1.6063034546521777,0.8273804585364296,14.756921999101518,2.2973280060571315,-0.10396351533583231,393.17367307975826,249.71926915028257,5300.641299037502,0.0036414137219540604,0.46493130874909616,0.6997532193885512,0.016250855764523786,0.8406809490977676,0.3384898268322625,86.0,242.0
"Hurdle GLM (base, no log)",hurdle,glm,base,25,1.6048382629962425,0.8276285811585522,14.756010167882001,2.2896647945684596,-0.09711555059381705,392.705127100379,250.15151589079477,5300.136341784848,0.005299553100488805,0.46767895878524945,0.7000270898558028,0.016311641691422518,0.840870809980756,0.3385528445580056,81.0,237.0
"Hurdle GLM (basin, log(max_wind_speed) & log(sdi))",hurdle,glm,basin,25,1.598230314196944,0.8250999637797218,14.756652407605031,2.272920557948346,-0.10328247335101752,384.27770691800333,254.84692553146007,5299.442254988632,0.00968815841544123,0.4723065798987708,0.7012622334070966,0.01626882769688065,0.8442857094944833,0.3386394652989415,59.0,201.0
"Hurdle GLM (basin, log(max_wind_speed))",hurdle,glm,basin,25,1.596898889050011,0.8254295238521603,14.755868364521426,2.266139870282656,-0.09700632460958421,383.0599479015101,255.42910200859757,5298.847104581092,0.010847928285592572,0.4723065798987708,0.7015111005267145,0.01632109481007582,0.8447791611775922,0.33871373896262524,50.0,193.0
"Hurdle GLM (basin, log(sdi))",hurdle,glm,basin,25,1.6042537725747865,0.8277326782038097,14.754683376066914,2.2804353282700127,-0.08261510609351512,387.6046844900235,252.77339632977623,5300.698024317476,0.008861250006364242,0.46623282718727405,0.7001363415459688,0.016400090374199983,0.8429375752081886,0.3384827476228496,77.0,209.0
"Hurdle GLM (basin, no log)",hurdle,glm,basin,25,1.6028655536012606,0.8280009247134815,14.753819804358534,2.2736763217016964,-0.07664549445549095,386.2911688779537,253.33125299916145,5299.97568903887,0.009927352648268321,0.46738973246565435,0.7003958244452788,0.016457659149663906,0.8434698287006999,0.3385728937218363,75.0,205.0
"Hurdle GLM (year, log(max_wind_speed) & log(sdi))",hurdle,glm,year,25,1.5978232831493704,0.8257666879232446,14.758288231249535,2.265057130331369,-0.1220086669732518,393.031808990228,250.93642989921295,5304.166190713736,0.002358472474458904,0.48199566160520607,0.7013383147734716,0.016159777848240187,0.8407384342592842,0.33804992690853697,54.0,241.0
"Hurdle GLM (year, log(max_wind_speed))",hurdle,glm,year,25,1.5957403259383007,0.8262360290161619,14.757029153763527,2.2537028058591075,-0.11311385077294393,393.0206354594733,251.53299800700188,5304.568897779996,0.004434314530490794,0.4834417932031815,0.7017276566471778,0.016243712451910364,0.8407429619182729,0.3379996698158365,42.0,240.0
"Hurdle GLM (year, log(sdi))",hurdle,glm,year,25,1.6071451813127173,0.8325275350473993,14.763303011157438,2.214305696226395,-0.05944950208120015,404.1792826489089,248.71975468041614,5331.95653333881,-4.365617118552394e-05,0.4903832248734635,0.6995958856548474,0.01582547470269058,0.8362213339424011,0.33458174384818884,89.0,266.0
"Hurdle GLM (year, no log)",hurdle,glm,year,25,1.6058290816839775,0.8338994043970837,14.762409402927336,2.203028708758085,-0.05533245553549848,403.4347104226855,249.09704904764666,5330.068688780864,0.0015749416335032944,0.4918293564714389,0.6998418881616268,0.015885045820007493,0.8365230442260039,0.33481734333700297,84.0,265.0
"Hurdle GLM (basin_year, log(max_wind_speed) & log(sdi))",hurdle,glm,basin_year,25,1.595993610880732,0.8262142153219738,14.756848167901085,2.2511238766028776,-0.10898458513430483,388.1721566579242,253.6998561470854,5303.231564551216,0.005497429434339387,0.4821402747650036,0.7016803131714964,0.016255777616130063,0.8427076281557951,0.3381665665149045,45.0,211.0
"Hurdle GLM (basin_year, log(max_wind_speed))",hurdle,glm,basin_year,25,1.5940897843382373,0.8269439905983665,14.755526207686861,2.2414807382669464,-0.10005693971069521,386.44236766826754,254.71617660127063,5302.678066253518,0.006903974007741219,0.48300795372378885,0.7020361723266089,0.0163439042071315,0.8434085609978508,0.3382356420727667,36.0,206.0
"Hurdle GLM (basin_year, log(sdi))",hurdle,glm,basin_year,25,1.606728731456004,0.8337995954352501,14.762796364651372,2.2034643199573933,-0.053353255241313464,400.2537504052569,251.28960869917873,5331.233041634942,0.0014953003098067766,0.4908170643528561,0.699673727564732,0.015859249568940026,0.8378120103130895,0.33467203426689685,88.0,259.0
"Hurdle GLM (basin_year, no log)",hurdle,glm,basin_year,25,1.6043479375931844,0.833895046533493,14.76151626916327,2.192824072828221,-0.05259476665594878,395.4635837548021,252.60350998768286,5326.348267282549,0.0028558025680341984,0.49052783803326105,0.7001187404236291,0.015944585307723247,0.8397530477137782,0.3352816450187739,79.0,246.0
"Hurdle GLM (island, log(max_wind_speed) & log(sdi))",hurdle,glm,island,25,1.6007459568090043,0.8248853903671879,14.758977057109226,2.292949029077572,-0.12894115659338845,391.30884405457465,251.59798709559112,5299.3948442474475,0.004755201697246943,0.471294287780188,0.7007920149105525,0.016113858255384805,0.8414366019065123,0.33864538207124173,71.0,232.0
"Hurdle GLM (island, log(max_wind_speed))",hurdle,glm,island,25,1.5992992702564321,0.8251211350395171,14.758093224748345,2.284939499744865,-0.12084473968233975,390.7572229606728,252.08901665431154,5299.091347727569,0.006311452283657825,0.474765003615329,0.7010624264437567,0.016172777678331918,0.8416601258989752,0.33868325787231823,66.0,227.0
"Hurdle GLM (island, log(sdi))",hurdle,glm,island,25,1.6066575673282124,0.8274506034929588,14.757322944314504,2.3001640720184677,-0.10723782717287089,394.4970681670006,249.63481741989128,5300.662839255544,0.004640266397903054,0.4671005061460593,0.69968702941016,0.016224127324122484,0.8401446923143044,0.33848713865312285,87.0,245.0
"Hurdle GLM (island, no log)",hurdle,glm,island,25,1.605170411478631,0.8276409779604932,14.756348399815455,2.292067307273515,-0.09967186815657463,393.8160108582354,250.11634670443405,5300.228842716798,0.006083616914842031,0.4688358640636298,0.6999650053771612,0.016289093942297828,0.8404206655329398,0.33854130061378074,83.0,244.0
"Hurdle GLM (island_basin, log(max_wind_speed) & log(sdi))",hurdle,glm,island_basin,25,1.59838124502913,0.8251527920827102,14.756876016805386,2.273948214618725,-0.10478252603659956,384.0404690340258,254.98425136396452,5299.246577035072,0.009989643929898453,0.4724511930585683,0.7012340217411579,0.0162539211086703,0.8443818413494402,0.33866388554352,61.0,200.0
"Hurdle GLM (island_basin, log(max_wind_speed))",hurdle,glm,island_basin,25,1.5970007475060464,0.8254567854359128,14.75603359893504,2.266868161030622,-0.09794077092269513,382.93789519004923,255.51797024390675,5298.740229444156,0.011070667455499707,0.47288503253796094,0.7014920613635888,0.01631007969371201,0.8448286185128143,0.33872707678089164,52.0,192.0
"Hurdle GLM (island_basin, log(sdi))",hurdle,glm,island_basin,25,1.6044683178179215,0.8278251251904346,14.755008068059043,2.2820111104462413,-0.08477317006576367,387.24754067865325,252.95223743552185,5300.368850886598,0.0093098177703695,0.46652205350686915,0.7000962392114067,0.016378445245939788,0.8430822944937333,0.3385238278546513,80.0,207.0
"Hurdle GLM (island_basin, no log)",hurdle,glm,island_basin,25,1.60305505783155,0.8280582426876353,14.754101593113925,2.2749910508300295,-0.07840276982932307,386.0695600241024,253.45682356118334,5299.7449771671145,0.010300460685553544,0.4685466377440347,0.7003604027228816,0.016438874104450107,0.8435596274707715,0.3386016861342307,76.0,204.0
"Hurdle GLM (island_year, log(max_wind_speed) & log(sdi))",hurdle,glm,island_year,25,1.5977904094387683,0.8256187764258012,14.7580895105548,2.2636733987833404,-0.11957657902302224,392.44965067805975,251.30252209656686,5304.157277194537,0.002168943937520338,0.48083875632682577,0.7013444594566238,0.016173025279743736,0.8409743323270337,0.3380510392991509,53.0,235.0
"Hurdle GLM (island_year, log(max_wind_speed))",hurdle,glm,island_year,25,1.5954847696503451,0.8260466711587526,14.756581952270816,2.2505777578023833,-0.10869927798334143,391.7799606372932,252.07971717253747,5304.401512450417,0.003998266615287554,0.48300795372378885,0.7017754246778706,0.016273524501183356,0.8412456993818466,0.33802055919357576,39.0,234.0
"Hurdle GLM (island_year, log(sdi))",hurdle,glm,island_year,25,1.6079611228265138,0.8334084808037832,14.763647058172834,2.2125858462590675,-0.057086266519511805,404.4458688988093,248.9558561054598,5333.239519111963,-0.00015879944299872795,0.4896601590744758,0.699443371625213,0.01580253929942743,0.8361133097504835,0.3344216296104787,90.0,267.0
"Hurdle GLM (island_year, no log)",hurdle,glm,island_year,25,1.6060333396040487,0.8339957827535441,14.76226837510572,2.2004126371296246,-0.05401922698202193,402.8811600297698,249.52582170020773,5330.534719972994,0.0013016003693047701,0.49197396963123646,0.6998037087113256,0.015894447238463005,0.8367473499953477,0.33475918351119793,85.0,264.0
"Hurdle GLM (island_basin_year, log(max_wind_speed) & log(sdi))",hurdle,glm,island_basin_year,25,1.5955510496727228,0.8261364556355685,14.756416326833225,2.2481402802143045,-0.10482598899195848,388.81933949014604,253.51307079603237,5304.07589352212,0.004789377124391924,0.48054953000723066,0.7017630357589026,0.01628456568460246,0.8424453813126072,0.3380611958300679,41.0,214.0
"Hurdle GLM (island_basin_year, log(max_wind_speed))",hurdle,glm,island_basin_year,25,1.5935430617090454,0.8266840513590921,14.754871305151239,2.2361536976543395,-0.09476785892115427,387.54834206424266,254.20590049694755,5303.667642069705,0.005872903346235024,0.4834417932031815,0.702138364542424,0.016387562350002716,0.8429604058868823,0.33811214485184604,33.0,208.0
"Hurdle GLM (island_basin_year, log(sdi))",hurdle,glm,island_basin_year,25,1.6049888625449666,0.8291483371816787,14.760948119839082,2.2083952965936917,-0.05745299327628041,399.9488202014266,251.16689792111876,5328.636703695829,0.002458605695849057,0.48575560375994215,0.699998940112655,0.015982460171567014,0.8379355719704231,0.33499605241164787,82.0,258.0
"Hurdle GLM (island_basin_year, no log)",hurdle,glm,island_basin_year,25,1.6043293800995788,0.8338280489770279,14.76027754137887,2.195781971796545,-0.049706686146158856,396.97180493541117,251.6999541621555,5327.887726856337,0.002427432524832245,0.4883586406362979,0.7001222091503476,0.016027163327578586,0.8391418970099097,0.3350895233278709,78.0,254.0
"Hurdle GLM_INT (base, log(max_wind_speed) & log(sdi))",hurdle,glm_int,base,25,1.600590250768191,0.8249234162131739,14.759334062026614,2.2918397373531634,-0.12992636715626782,388.9407736666895,251.93341354001907,5298.258723717025,0.005805684947611845,0.46941431670281997,0.7008211191481986,0.016090059032078607,0.8423961746157231,0.33878716779987716,70.0,215.0
"Hurdle GLM_INT (base, log(max_wind_speed))",hurdle,glm_int,base,25,1.5990669171082859,0.8251633629169238,14.757941728757844,2.2832499068682357,-0.11933268783251298,389.736227953956,252.05947440360382,5298.858840718277,0.0060774277111159,0.47288503253796094,0.7011058573935525,0.01618287694232612,0.842073846263749,0.33871227431453765,65.0,218.0
"Hurdle GLM_INT (base, log(sdi))",hurdle,glm_int,base,25,1.8293262544520619,0.7937665648507124,14.945611985428203,2.2013749463005703,-0.030907453708160792,456.51816001306565,218.11390170328932,5364.779228967263,0.0006391430240822256,0.48300795372378885,0.6580662782013603,0.0036721071212781897,0.815012944780357,0.3304855324948659,215.0,440.0
"Hurdle GLM_INT (base, no log)",hurdle,glm_int,base,25,1.6798626779045063,0.8233746568007896,14.778693673963835,2.2006503373578488,-0.03498755178531236,422.8267549730595,238.1104108882772,5334.960701309207,0.003260401229354423,0.48604483007953725,0.6860036878776619,0.01479947813200122,0.8286651372898173,0.33420682927423284,115.0,308.0
"Hurdle GLM_INT (basin, log(max_wind_speed) & log(sdi))",hurdle,glm_int,basin,25,1.5984245848388838,0.8251378583466783,14.757246712144672,2.274373909759743,-0.10726135142464957,383.6328384138371,255.0077357917197,5298.795154132858,0.010961518725707413,0.47143890093998553,0.7012259207573037,0.016229209232927033,0.8445470185420494,0.3387202222819198,62.0,198.0
"Hurdle GLM_INT (basin, log(max_wind_speed))",hurdle,glm_int,basin,25,1.5968437173389816,0.8254362208299698,14.755732371274183,2.2654376779889738,-0.09595002683507965,383.21715642252786,255.39258253578097,5299.032206308429,0.01051400811889858,0.47216196673897326,0.7015214131040607,0.016330160605816046,0.844715458254235,0.33869063861140436,49.0,195.0
"Hurdle GLM_INT (basin, log(sdi))",hurdle,glm_int,basin,25,1.8240484224333218,0.7944237845845209,14.937782959127844,2.1840437525667196,-0.029874417620992733,453.7421203428308,220.09545399480197,5366.989916746338,0.0028045952057339798,0.48503253796095447,0.6590527991900598,0.004194017986134946,0.8161378319124591,0.3302096427726503,210.0,430.0
"Hurdle GLM_INT (basin, no log)",hurdle,glm_int,basin,25,1.6781400229872945,0.8238072102543256,14.77686261764664,2.182501894793114,-0.03228823401538421,419.07181398457425,240.0718249277682,5338.38861055277,0.005111544226390015,0.485177151120752,0.6863256828229503,0.014921542888133743,0.8301866878804084,0.33377903257768515,112.0,298.0
"Hurdle GLM_INT (year, log(max_wind_speed) & log(sdi))",hurdle,glm_int,year,25,1.5980098519447508,0.8257671173536006,14.758858071748174,2.2661359004040347,-0.12494149414077761,391.6001641895241,251.35815370820146,5302.886467958707,0.00427623999688023,0.48054953000723066,0.7013034417362425,0.016121790244665313,0.8413185552248885,0.3382096339276556,56.0,233.0
"Hurdle GLM_INT (year, log(max_wind_speed))",hurdle,glm_int,year,25,1.5957793868596921,0.82625766963,14.757226746708227,2.254027348345076,-0.11414867111258824,392.56978970289174,251.65941170076744,5304.233917557219,0.00496408797126742,0.48286334056399133,0.7017203554639166,0.016230540200253274,0.8409256504423525,0.3380414747244648,43.0,236.0
"Hurdle GLM_INT (year, log(sdi))",hurdle,glm_int,year,25,1.8135768619633623,0.809109816133204,15.067579210877822,1.896084792905188,-0.03236911432512514,453.7373586819629,217.49855106275055,5447.294754923967,0.0007904045758067434,0.5522776572668113,0.6610101207098371,-0.004458663893716963,0.8161397613989485,0.32018774836173514,208.0,429.0
"Hurdle GLM_INT (year, no log)",hurdle,glm_int,year,25,1.692348267963264,0.8307020798398698,14.845766746911812,2.0303350246761385,-0.030978936803644302,431.94178745088925,240.62452621352173,5419.006412963675,0.002686351480016193,0.5253796095444685,0.6836699082868136,0.010328147449502945,0.8249716083921785,0.3237180808126744,119.0,323.0
"Hurdle GLM_INT (basin_year, log(max_wind_speed) & log(sdi))",hurdle,glm_int,basin_year,25,1.5981657682938883,0.8254677387018986,14.759333997000804,2.2683964929637135,-0.12450326211038092,382.85592742783314,255.8774812136974,5298.519771085346,0.011281496129227528,0.4744757772957339,0.7012742981882174,0.016090063366931417,0.8448618329088305,0.33875458957394544,58.0,191.0
"Hurdle GLM_INT (basin_year, log(max_wind_speed))",hurdle,glm_int,basin_year,25,1.5940712678302094,0.8256864208585756,14.753947782534633,2.2438181881563906,-0.08861827463197901,388.2069051802981,254.14109717154665,5304.8669709032765,0.00263553976416613,0.4822848879248012,0.7020396333923915,0.016449127667202634,0.8426935476056874,0.3379624708445661,35.0,212.0
"Hurdle GLM_INT (basin_year, log(sdi))",hurdle,glm_int,basin_year,25,1.8120463822698019,0.8015966187975178,15.065387385936235,1.8951688416283565,-0.032086699904590295,450.7460130806689,218.0618424486668,5444.74886927446,0.0022724003422386306,0.5472161966738973,0.6612961946764042,-0.004312549012122302,0.817351893275393,0.3205054701546013,207.0,359.0
"Hurdle GLM_INT (basin_year, no log)",hurdle,glm_int,basin_year,25,1.6788931034485985,0.8294124869952095,14.8270839946821,2.0337306994438706,-0.02901806825234413,418.44229810211925,243.70788571276185,5389.440844391403,0.0048834684467386836,0.519884309472162,0.6861849186458,0.011573606463182173,0.8304417758473492,0.32740780876872333,114.0,293.0
"Hurdle GLM_INT (island, log(max_wind_speed) & log(sdi))",hurdle,glm_int,island,25,1.6008887494165978,0.8249518692740583,14.759604441003667,2.294042798177128,-0.13235181149934414,389.9689846262185,251.94819592616852,5298.3299556444435,0.006577673227885369,0.47013738250180764,0.7007653244240191,0.016072034603453744,0.8419795302536623,0.33877827818785033,74.0,220.0
"Hurdle GLM_INT (island, log(max_wind_speed))",hurdle,glm_int,island,25,1.599351168435534,0.8251644227879427,14.758240234392813,2.285136365087111,-0.12167335353599595,390.52887277415283,252.1310154555896,5298.943740027159,0.006696152774007194,0.47433116413593635,0.701052725747945,0.016162977490193242,0.841752656344121,0.33870167903873016,68.0,225.0
"Hurdle GLM_INT (island, log(sdi))",hurdle,glm_int,island,25,1.8293035575089827,0.7938023828356547,14.947838243656697,2.203249630066004,-0.031116391602198038,457.88288274548046,218.0802727685378,5364.635002036251,0.0012033693953124765,0.4837310195227766,0.6580705206650552,0.003523696793754527,0.8144599415012466,0.3305035317475463,214.0,447.0
"Hurdle GLM_INT (island, no log)",hurdle,glm_int,island,25,1.6800224233384595,0.8232462375619738,14.77940207258953,2.201477344245338,-0.03545951867041558,424.1234721338754,238.01530444016126,5335.085220367531,0.0037539989769691203,0.48705712219812003,0.6859738286053538,0.014752253748633981,0.8281396907467373,0.33419128952740074,116.0,310.0
"Hurdle GLM_INT (island_basin, log(max_wind_speed) & log(sdi))",hurdle,glm_int,island_basin,25,1.5985633044394671,0.8251774849753739,14.757415517442531,2.2752980156572056,-0.10826689151453131,383.4980143700631,255.14207463934835,5298.697533204534,0.011156159894885819,0.47216196673897326,0.7011999915884645,0.016217956068661388,0.8446016509860902,0.3387324051921673,63.0,197.0
"Hurdle GLM_INT (island_basin, log(max_wind_speed))",hurdle,glm_int,island_basin,25,1.5969030469560974,0.8254409386033977,14.75580955617115,2.2659601741867843,-0.09620263531842876,383.1953067357927,255.44946305204178,5298.982784109898,0.010693313346902978,0.4725958062183659,0.7015103233398681,0.01632501518481677,0.8447243120295295,0.33869680640983924,51.0,194.0
"Hurdle GLM_INT (island_basin, log(sdi))",hurdle,glm_int,island_basin,25,1.824784556176289,0.7948434482093543,14.939987358582101,2.1848061635718,-0.029991105943393617,453.8737723156069,220.12563245293242,5366.970067281973,0.0029380462694420903,0.4864786695589299,0.6589152026569856,0.004047064842599313,0.8160844848325599,0.33021211994887656,212.0,431.0
"Hurdle GLM_INT (island_basin, no log)",hurdle,glm_int,island_basin,25,1.6785662804062593,0.8237395533596297,14.777548745833222,2.18228393029292,-0.032534875881458265,419.204361807739,240.03943859012773,5338.316342298739,0.005241527348476829,0.4854663774403471,0.6862460077046623,0.014875803131806031,0.83013297779036,0.3337880515213453,113.0,299.0
"Hurdle GLM_INT (island_year, log(max_wind_speed) & log(sdi))",hurdle,glm_int,island_year,25,1.5979635349036507,0.8256160377630536,14.758656593622096,2.264606615511071,-0.12243393953901528,390.90503665996715,251.7691362198097,5302.829495842119,0.004099726317290892,0.47982646420824293,0.7013120992177646,0.016135221496394125,0.8416002298787318,0.33821674394181855,55.0,228.0
"Hurdle GLM_INT (island_year, log(max_wind_speed))",hurdle,glm_int,island_year,25,1.595527352284539,0.826068520212217,14.756805971886084,2.2509245797607305,-0.1098950105386508,391.253626450452,252.23878093870368,5304.017073143597,0.004575012174084626,0.4825741142443962,0.7017674652236408,0.01625859055324863,0.841458976792941,0.33806853650388213,40.0,229.0
"Hurdle GLM_INT (island_year, log(sdi))",hurdle,glm_int,island_year,25,1.8141555008717496,0.8090482406160787,15.06807931682146,1.8948558973906948,-0.03236967887829476,453.9102464961659,217.48379751617776,5448.652688483222,0.0006725052280831975,0.5511207519884309,0.6609019627718855,-0.004492002742706669,0.8160697050234653,0.32001828077974726,209.0,433.0
"Hurdle GLM_INT (island_year, no log)",hurdle,glm_int,island_year,25,1.6929742765868225,0.8309204322630701,14.846589291790961,2.027085077500789,-0.030840411546509343,431.6799032208141,240.92782535464139,5421.26038076884,0.002456295034911904,0.525234996384671,0.6835528961037706,0.010273313669056927,0.8250777272649277,0.32343678982371804,120.0,322.0
"Hurdle GLM_INT (island_basin_year, log(max_wind_speed) & log(sdi))",hurdle,glm_int,island_basin_year,25,1.5981600318185811,0.8260784286493942,14.759090950258084,2.2703327047386224,-0.11713272203129668,381.0551669868016,255.48247740116602,5297.068041338627,0.013422206444635595,0.4725958062183659,0.7012753704378214,0.016106265731162472,0.8455915242997117,0.33893576274563675,57.0,188.0
"Hurdle GLM_INT (island_basin_year, log(max_wind_speed))",hurdle,glm_int,island_basin_year,25,1.594048158087096,0.8256684467297539,14.752411272030127,2.24290072859021,-0.07466651511692536,389.16932087932696,253.6774245688955,5305.359442663262,0.0011261984145206191,0.48315256688358643,0.7020439530157793,0.016551556947103196,0.8423035643330495,0.3379010112850809,34.0,216.0
"Hurdle GLM_INT (island_basin_year, log(sdi))",hurdle,glm_int,island_basin_year,25,1.8016339869384932,0.8096722547139824,15.047133722015095,1.899111855879153,-0.03171004158655484,447.2531858787792,219.41957662313953,5434.001389162595,0.002692723157389145,0.5469269703543023,0.6632424571759492,-0.003095694558146178,0.8187672319739678,0.32184673567868183,200.0,356.0
"Hurdle GLM_INT (island_basin_year, no log)",hurdle,glm_int,island_basin_year,25,1.6817166387743043,0.8282055006588662,14.830152775272145,2.035838733785482,-0.02890395871413655,419.86361067819854,244.44268069950897,5393.405864767586,0.004875242191993821,0.5204627621113521,0.6856571495066435,0.011369030584859607,0.8298658416326227,0.32691298160202964,117.0,301.0
"Hurdle GLM_ISLAND (island, log(max_wind_speed) & log(sdi))",hurdle,glm_island,island,25,1.5993160692106487,0.8253461497658687,14.75514502983996,2.2779628389247177,-0.09169854915825486,382.0438866269298,254.34747274517522,5295.768907946043,0.006510172106477761,0.4725958062183659,0.7010592864194316,0.016369314884284503,0.8451908823303761,0.3390978921762119,67.0,190.0
"Hurdle GLM_ISLAND (island, log(max_wind_speed))",hurdle,glm_island,island,25,1.5983639273602461,0.8254570983214282,14.755377056784845,2.273299616007665,-0.09454778152973536,380.7771275118672,255.09693678546068,5295.317042223855,0.008551108645273487,0.4737527114967462,0.7012372587225109,0.01635384713914878,0.8457041894863528,0.33915428417772076,60.0,187.0
"Hurdle GLM_ISLAND (island, log(sdi))",hurdle,glm_island,island,25,1.6730708345897947,0.81063810431168,14.76524407857824,1.9886422939650064,-0.03432279680386012,438.3444605087282,237.002586386216,5320.818981816218,0.05196880949909189,0.5613882863340564,0.6872732045955359,0.015696076213342125,0.822377162566694,0.33597168955866585,110.0,349.0
"Hurdle GLM_ISLAND (island, no log)",hurdle,glm_island,island,25,1.6718352330790394,0.8103161148530983,14.765119404013628,1.984587702096259,-0.0337521680259484,440.5140014396859,236.3906254798242,5323.10746023931,0.05235725271995233,0.5610990600144613,0.6875041605675525,0.015704387465258485,0.8214980365578078,0.3356860917087934,109.0,353.0
"Hurdle GLM_ISLAND (island_basin, log(max_wind_speed) & log(sdi))",hurdle,glm_island,island_basin,25,1.5965048206279995,0.8253955286841637,14.753201710543184,2.259916814532153,-0.07512940814989684,380.3852854353383,256.206545566182,5297.4553744005125,0.012742998349001814,0.47143890093998553,0.7015847589470504,0.01649886349173102,0.8458629689571326,0.33888742430008156,48.0,185.0
"Hurdle GLM_ISLAND (island_basin, log(max_wind_speed))",hurdle,glm_island,island_basin,25,1.595969240492708,0.8255569600773859,14.753634372727214,2.25673294435197,-0.07897660012333893,378.46197643005775,256.9983951457992,5296.945272304762,0.013674683989360956,0.4723065798987708,0.7016848684319146,0.01647002068472092,0.8466423186091905,0.33895108409267205,44.0,182.0
"Hurdle GLM_ISLAND (island_basin, log(sdi))",hurdle,glm_island,island_basin,25,1.6683214648392353,0.809997936214839,14.761778375747818,1.9717602064246813,-0.027071207624671047,438.49210141600923,238.89054106341214,5345.9754570483865,0.050368551144018774,0.5613882863340564,0.6881609465557544,0.01592711234633859,0.8223173365640064,0.33283220824908477,107.0,350.0
"Hurdle GLM_ISLAND (island_basin, no log)",hurdle,glm_island,island_basin,25,1.6666456931157614,0.8085988045457622,14.76244705351126,1.959178693574715,-0.027741582267330388,437.996809730565,238.09187795858531,5345.482603781374,0.05048989779984564,0.5645697758496023,0.6884741781954895,0.01588253589756461,0.822518035152563,0.3328937154199374,106.0,348.0
"Hurdle GLM_ISLAND (island_year, log(max_wind_speed) & log(sdi))",hurdle,glm_island,island_year,25,1.5962953785638887,0.8261383610569888,14.75455851041354,2.250257715005937,-0.0910780767005462,383.64846917677465,253.95371571849842,5300.127539397735,0.003986534493291098,0.48127259580621834,0.7016239074063852,0.016408414364776025,0.8445406847550065,0.338553943079542,47.0,199.0
"Hurdle GLM_ISLAND (island_year, log(max_wind_speed))",hurdle,glm_island,island_year,25,1.5944157983175564,0.8265754357857638,14.75404706933863,2.2405408193131393,-0.08883581235186189,382.0192302124871,255.0428746230308,5300.018634647765,0.006170160052173028,0.48315256688358643,0.7019752344960629,0.01644250885411458,0.8452008734279918,0.3385675341897393,37.0,189.0
"Hurdle GLM_ISLAND (island_year, log(sdi))",hurdle,glm_island,island_year,25,1.6337090650903117,0.828046759662419,14.833041666789422,1.6766301983932819,-0.015472333434953845,396.29299557734447,263.7259837191968,5399.878271867004,0.053094751453075704,0.59117859725235,0.6946306217368372,0.011176446754838532,0.8394169593298855,0.3261052372368477,96.0,252.0
"Hurdle GLM_ISLAND (island_year, no log)",hurdle,glm_island,island_year,25,1.6342542128402855,0.8263831025020293,14.834711218839194,1.6667983624526803,-0.014448514838325736,398.32826979040135,262.65899214597357,5401.367093032609,0.05776607209549456,0.5927693420101229,0.6945287238940523,0.01106514845019746,0.8385922399293975,0.3259194351250817,97.0,257.0
"Hurdle GLM_ISLAND (island_basin_year, log(max_wind_speed) & log(sdi))",hurdle,glm_island,island_basin_year,25,1.5952944265578224,0.8266924812953688,14.752452213338719,2.250027627807097,-0.07146646731056643,380.2843985761852,257.4460526975946,5299.040968589566,0.011242555234409656,0.4730296456977585,0.7018110031985891,0.01654882765319665,0.8459038496156032,0.33868954509501914,38.0,184.0
"Hurdle GLM_ISLAND (island_basin_year, log(max_wind_speed))",hurdle,glm_island,island_basin_year,25,1.5961943756839239,0.8252411218475012,14.752206544348436,2.2556135958774983,-0.06695008340110953,377.05039491157396,257.56488745364237,5296.559205375732,0.01358266853519666,0.4724511930585683,0.7016427866470755,0.016565204825819135,0.8472143096736846,0.3389992645272023,46.0,179.0
"Hurdle GLM_ISLAND (island_basin_year, log(sdi))",hurdle,glm_island,island_basin_year,25,1.6305889088812056,0.8400578136867323,14.839776249981616,1.6400696682954974,-0.01043653972326328,383.38810029058004,269.43217816031864,5375.226891966911,0.057079723631313084,0.5901663051337672,0.6952138346123844,0.010727495377816476,0.8446461895908418,0.32918168358863065,95.0,196.0
"Hurdle GLM_ISLAND (island_basin_year, no log)",hurdle,glm_island,island_basin_year,25,1.6292539562119979,0.823898111768895,14.828585841622303,1.6677579256484367,-0.011498795972956201,392.773927180828,264.55543361795577,5385.981753120199,0.06451318732858669,0.591467823571945,0.6954633610888652,0.01147348798032466,0.840842931299477,0.3278394969243117,94.0,238.0
"Hurdle GLM_SM (base, log(max_wind_speed) & log(sdi))",hurdle,glm_sm,base,25,2.6997606341634484,2.019010712979815,18.125149708025763,2.1537447661502647,0.09954404202966534,433.0140635533518,225.6066677636086,5349.128957693537,0.016686390639054784,0.4960231381055676,0.4953665594869673,-0.20828723737211985,0.8245371082650177,0.3324386572351279,344.0,328.0
"Hurdle GLM_SM (base, log(max_wind_speed))",hurdle,glm_sm,base,25,2.318001695225034,1.6163972602712433,16.60949487929307,1.9891986675596491,0.11331358800653193,434.02900077055745,229.53360042925812,5365.853188849967,0.026439895460300067,0.525234996384671,0.5667241177702005,-0.10724827133211945,0.8241258425948014,0.3303515042994263,283.0,331.0
"Hurdle GLM_SM (base, log(sdi))",hurdle,glm_sm,base,25,2.708115094985696,2.055126144048227,18.525758793915095,2.174263306350767,0.10512544208045473,435.85710272994135,224.61317531416668,5357.130818206047,0.019670823283290936,0.4838756326825741,0.49380496167158594,-0.23499327034028106,0.8233850720675171,0.33144003992928317,346.0,336.0
"Hurdle GLM_SM (base, no log)",hurdle,glm_sm,base,25,2.341752193942973,1.6696205867608374,17.017757750042502,2.0125814220708804,0.11450618433703656,435.5210805412914,228.77536200298164,5375.40988672959,0.029692730156343047,0.5161243673174258,0.5622847257254877,-0.13446453294462413,0.8235212325987106,0.3291588461826793,294.0,335.0
"Hurdle GLM_SM (basin, log(max_wind_speed) & log(sdi))",hurdle,glm_sm,basin,25,2.892066362067524,1.6062468968433592,18.301050029006383,1.61664258816307,0.0009291349196875263,347.26532415032483,271.24142025473435,5187.660998567627,0.19148841331409813,0.5246565437454809,0.45942118719189085,-0.22001338122826875,0.8592836050758095,0.352589558150045,369.0,137.0
"Hurdle GLM_SM (basin, log(max_wind_speed))",hurdle,glm_sm,basin,25,2.728070252276939,1.4541677092456604,17.503819038073505,1.5587139460318769,0.0037988103540128625,348.066413811688,270.87470042994124,5145.461988513095,0.23088958572710006,0.5422993492407809,0.49007498666845795,-0.16686711501259244,0.8589589931974599,0.35785591610068557,350.0,141.0
"Hurdle GLM_SM (basin, log(sdi))",hurdle,glm_sm,basin,25,3.2414589758269314,1.7418649946503815,20.697663024474572,1.6540419858569664,0.006738123529924206,341.06106935035865,271.49224163487094,5137.799102142753,0.2437215912412836,0.5088937093275488,0.39411347267079067,-0.3797801661647886,0.8617976492602626,0.3588122300641923,391.0,118.0
"Hurdle GLM_SM (basin, no log)",hurdle,glm_sm,basin,25,3.062528190465761,1.6032497391840395,19.639705198480574,1.605515542622312,0.01079186163732562,340.76847574443104,270.59651892752817,5089.088511816341,0.2872253592222317,0.5216196673897324,0.4275588295249865,-0.3092529175947827,0.8619162119687758,0.364891221119063,380.0,117.0
"Hurdle GLM_SM (year, log(max_wind_speed) & log(sdi))",hurdle,glm_sm,year,25,2.750938507933331,2.1383787077416785,19.218745349783173,2.0841240250439688,0.054234073888929986,453.8963675486953,233.28701352881052,5399.595104393824,0.013551009667257042,0.511352133044107,0.4858005015958239,-0.28119023006829336,0.8160753289522529,0.3261405760107151,356.0,432.0
"Hurdle GLM_SM (year, log(max_wind_speed))",hurdle,glm_sm,year,25,2.3340914091060996,1.6963628852070995,17.29834918869252,1.9245260355266567,0.05477471809447608,451.7887356934859,236.6336945120112,5416.720145869159,0.02036094338629809,0.5398409255242227,0.5637166631203595,-0.15316976074677435,0.8169293686039749,0.3240034026928543,290.0,360.0
"Hurdle GLM_SM (year, log(sdi))",hurdle,glm_sm,year,25,2.7508632223739835,2.1500294758996126,19.534781841397827,2.109253157754927,0.05904426987776198,456.2846095933397,237.66004882191413,5420.83699402749,0.019034078360159634,0.49689081706435284,0.48581457381035786,-0.3022583517397386,0.8151075824271686,0.32348962770139866,355.0,436.0
"Hurdle GLM_SM (year, no log)",hurdle,glm_sm,year,25,2.357079418798203,1.7439104253297313,17.716731766384,1.9523588662511528,0.05864008713134583,452.15960861760726,238.77652035491977,5431.096720353368,0.025821871198183917,0.5323210412147505,0.5594197938814065,-0.1810606381798927,0.8167790861046063,0.3222092329424253,299.0,361.0
"Hurdle GLM_SM (basin_year, log(max_wind_speed) & log(sdi))",hurdle,glm_sm,basin_year,25,2.7816245029659608,1.515409699420397,17.868263489205948,1.6170039856058849,-0.001765519839024468,351.11144451491606,267.75513460995427,5149.709605092034,0.2279907282789498,0.5281272595806218,0.4800647415240129,-0.1911622842182532,0.8577251074242688,0.3573258214536108,361.0,146.0
"Hurdle GLM_SM (basin_year, log(max_wind_speed))",hurdle,glm_sm,basin_year,25,2.6776672510101664,1.4075774531779583,17.268141021060693,1.5865789395437124,0.0005053729322599758,347.4775741101093,269.70224241032474,5100.020254855726,0.2731092059064551,0.5359363702096891,0.4994962070609523,-0.1511559763641952,0.8591975986505012,0.3635269599244182,337.0,138.0
"Hurdle GLM_SM (basin_year, log(sdi))",hurdle,glm_sm,basin_year,25,3.1120768596490533,1.6273549562533152,19.49205229857091,1.6584474477146025,0.0037701809499437354,342.8736361588306,268.13102626844784,5076.729745692242,0.29529978051257655,0.5080260303687636,0.4182972990446908,-0.29940984775007795,0.8610631737767933,0.36643357213994354,382.0,122.0
"Hurdle GLM_SM (basin_year, no log)",hurdle,glm_sm,basin_year,25,3.0032143517583134,1.5246905729243354,18.74196852320302,1.6351596956067718,0.007336838615062079,339.3865524356055,269.2409578884982,5027.7212272406605,0.33900441852674884,0.509472161966739,0.4386456444515434,-0.24940658337231647,0.8624761851436255,0.3725497440705904,375.0,112.0
"Hurdle GLM_SM (island, log(max_wind_speed) & log(sdi))",hurdle,glm_sm,island,25,2.5742923204438997,2.1857731984373716,19.666007082215,1.7291141077061642,0.01143663192891049,401.8696968969937,245.49044867058265,5321.9376545900295,0.0826676529768947,0.5690527838033261,0.5188188263385001,-0.3110062951363255,0.8371572079216789,0.3358320812775968,325.0,261.0
"Hurdle GLM_SM (island, log(max_wind_speed))",hurdle,glm_sm,island,25,2.334847834557307,1.6975254509548485,16.970870864783674,1.6480106353843285,0.02038108744121614,406.0399332533728,244.45219187288257,5299.159409223488,0.10252896851045595,0.5836587129428779,0.5635752737049038,-0.13133888565503038,0.8354673742837041,0.33867476392424456,291.0,272.0
"Hurdle GLM_SM (island, log(sdi))",hurdle,glm_sm,island,25,2.563187128367569,2.035240055995472,18.77910857586903,1.7871414440611486,0.016316664292118813,407.1457405495959,241.9500428632799,5335.343904660226,0.08673739853482172,0.5610990600144613,0.5208945849128424,-0.25188247197762825,0.8350192868837135,0.33415900620891104,322.0,273.0
"Hurdle GLM_SM (island, no log)",hurdle,glm_sm,island,25,2.3670453090498125,1.6408400581571247,16.845306078691173,1.701337176236592,0.025831623314333852,411.48102295732224,240.0661937127148,5317.2452346702285,0.10294355459578187,0.5749819233550253,0.557556991149266,-0.12296828839415652,0.8332625744538557,0.3364176865541295,301.0,282.0
"Hurdle GLM_SM (island_basin, log(max_wind_speed) & log(sdi))",hurdle,glm_sm,island_basin,25,3.1228665637072197,2.0329036912880447,23.079764910248834,1.5695925852952375,-0.0025068411882742192,352.775687377803,274.1210833577559,5257.418165024181,0.12836946931333368,0.5373825018076644,0.41628051081091577,-0.5385795886835782,0.8570507347194306,0.34388399354774957,383.0,148.0
"Hurdle GLM_SM (island_basin, log(max_wind_speed))",hurdle,glm_sm,island_basin,25,2.8833676656743727,1.7271749763500144,19.773165991802227,1.5190537601521923,0.0005076076889047031,354.3777649656159,274.32179505704516,5216.889980367184,0.1677377104781108,0.5515545914678236,0.46104712877845466,-0.3181498909085374,0.8564015521870327,0.3489418355970677,368.0,150.0
"Hurdle GLM_SM (island_basin, log(sdi))",hurdle,glm_sm,island_basin,25,3.4514755531739487,2.1746198162932524,24.039692321091554,1.6109885671734148,0.0020042864175870124,346.6445096986286,275.8668874264708,5216.583368282876,0.16170076702433822,0.5224873463485177,0.3548576265597385,-0.6025717795349088,0.8595351671106117,0.3489801002147891,406.0,133.0
"Hurdle GLM_SM (island_basin, no log)",hurdle,glm_sm,island_basin,25,3.257828082550727,2.0202338192713674,22.10806363614683,1.5687131048311398,0.005853699450984124,347.50198969674767,275.7670288204513,5169.721298586588,0.2088167421501096,0.5340563991323211,0.39105379451279954,-0.4738025100415302,0.8591877051394226,0.3548283993338823,394.0,139.0
"Hurdle GLM_SM (island_year, log(max_wind_speed) & log(sdi))",hurdle,glm_sm,island_year,25,2.715528907014073,2.5018169309402323,21.8447508595478,1.7436852656448956,0.012425319688531831,409.0978336076036,244.44940539595694,5346.566118152188,0.08485387165690579,0.5641359363702096,0.4924191879019213,-0.45624913958518887,0.834228273561691,0.332758494842156,348.0,277.0
"Hurdle GLM_SM (island_year, log(max_wind_speed))",hurdle,glm_sm,island_year,25,2.4118839899054207,1.8737824472159952,17.82561216135817,1.66540681249512,0.014984945714444552,408.97040130154505,244.36961974178922,5328.176977028587,0.0918865173340532,0.5836587129428779,0.5491758415384811,-0.18831899431854948,0.8342799107781316,0.3350534254444755,303.0,275.0
"Hurdle GLM_SM (island_year, log(sdi))",hurdle,glm_sm,island_year,25,2.693658483242726,2.2991525645177515,20.309702329908426,1.8050054314201829,0.01874712098724881,413.83863276848484,241.82523679147062,5380.36778199807,0.08626168223560347,0.5541576283441794,0.49650716038864984,-0.3539173201526131,0.8323072405054506,0.32854011007650374,342.0,287.0
"Hurdle GLM_SM (island_year, no log)",hurdle,glm_sm,island_year,25,2.450787041097957,1.8321112479538795,17.69072972498143,1.7200057108949494,0.022253154734082948,413.61790626449886,240.92373709585704,5361.711504483655,0.09207227932193078,0.5736804049168475,0.5419041670347051,-0.17932724919947307,0.8323966817359596,0.33086837880343445,307.0,285.0
"Hurdle GLM_SM (island_basin_year, log(max_wind_speed) & log(sdi))",hurdle,glm_sm,island_basin_year,25,2.7997110170704085,1.4568947939263508,17.97625583756496,1.5180599950436635,-0.0017205126682823613,343.01573847119124,272.8378996809165,5079.965415939278,0.2884836222609711,0.5742588575560376,0.47668404927896024,-0.19836143999671596,0.8610055920843087,0.36602976651253416,363.0,123.0
"Hurdle GLM_SM (island_basin_year, log(max_wind_speed))",hurdle,glm_sm,island_basin_year,25,2.7748847301193695,1.357937570120069,17.98465942254856,1.5501174695035451,0.002119042595753801,341.89692297021776,271.88168006657804,5028.14833957186,0.3242114845263446,0.5592190889370933,0.48132452534218295,-0.19892165299619036,0.8614589505768893,0.3724964412462274,358.0,121.0
"Hurdle GLM_SM (island_basin_year, log(sdi))",hurdle,glm_sm,island_basin_year,25,3.026241327787785,1.6081207949734944,18.94038720257297,1.5560105871253016,0.002424838181069516,333.7537393005693,274.3620834759994,5018.143588852508,0.33849623159792597,0.5569052783803327,0.4343414917087711,-0.26263388145266187,0.8647586737842154,0.3737450155238454,377.0,95.0
"Hurdle GLM_SM (island_basin_year, no log)",hurdle,glm_sm,island_basin_year,25,3.0411379017320197,1.5159030891282927,18.920832648573214,1.5960199302350508,0.008197799212847185,333.240502207175,272.53379248945384,4954.865502622126,0.3771741667902653,0.540708604483008,0.4315570562050416,-0.26133030501820365,0.8649666440838718,0.3816420029671542,378.0,89.0
"Hurdle GLM_SM_INT (base, log(max_wind_speed) & log(sdi))",hurdle,glm_sm_int,base,25,2.622221305963596,1.9778229797924392,17.848642054845293,2.2501170695370587,0.05990847103453362,442.7187896584964,223.7199659297462,5427.63401597581,0.011685538654092316,0.4497469269703543,0.5098600436386411,-0.18985424929998618,0.8206046278925994,0.3226413720069651,330.0,354.0
"Hurdle GLM_SM_INT (base, log(max_wind_speed))",hurdle,glm_sm_int,base,25,2.2958877014860812,1.6429172309085327,16.611029251621915,2.10092315180204,0.08953861616400839,434.840895590089,231.93332485291947,5417.652969647296,0.021796647586578226,0.47013738250180764,0.570857617830449,-0.10735055807359117,0.8237968523267933,0.3238869880207047,281.0,332.0
"Hurdle GLM_SM_INT (base, log(sdi))",hurdle,glm_sm_int,base,25,2.6420653120490343,2.0243364149636376,18.493168366316432,2.260258364897488,0.04993500112056196,456.3965415962948,224.19563069896148,5508.417870798968,0.01101117425924018,0.44526391901663054,0.5061508447794025,-0.23282067599693468,0.8150622261337609,0.3125596972098178,333.0,438.0
"Hurdle GLM_SM_INT (base, no log)",hurdle,glm_sm_int,base,25,2.3295975843205716,1.684123804760106,17.106496975079157,2.1174199615129106,0.0703222500928921,445.4845393712057,230.53897150273394,5472.2192146121515,0.02181913121609315,0.4642082429501085,0.5645566391663419,-0.14038020673454077,0.8194839103842005,0.31707722216041734,288.0,355.0
"Hurdle GLM_SM_INT (basin, log(max_wind_speed) & log(sdi))",hurdle,glm_sm_int,basin,25,4.2188209478447805,1.8199327061271044,25.754239508860994,1.928056247947835,0.0059469857641089524,326.48155413102023,273.9998198172824,5012.828157397583,0.3407855055575811,0.40332610267534347,0.21142707880135925,-0.7168696208342138,0.8677054571487334,0.3744083714809534,425.0,80.0
"Hurdle GLM_SM_INT (basin, log(max_wind_speed))",hurdle,glm_sm_int,basin,25,4.0894791272837185,1.9918881044574246,28.787745677749914,1.8722191378706803,0.007826267945272138,327.9585424938823,274.6732738259887,5003.76727430541,0.34147317341910927,0.40983369486623283,0.23560337320538993,-0.9190939802134399,0.8671069623860459,0.3755391528346067,421.0,81.0
"Hurdle GLM_SM_INT (basin, log(sdi))",hurdle,glm_sm_int,basin,25,4.908362857730346,2.4396105722326524,33.67316220786499,1.9691501260206417,0.019808905357960465,314.5388896619236,269.21878005271503,4861.288180306003,0.43085208387403723,0.3865509761388286,0.08253939077441619,-1.2447733008080175,0.8725447790533674,0.3933202787073279,433.0,51.0
"Hurdle GLM_SM_INT (basin, no log)",hurdle,glm_sm_int,basin,25,4.726192039780794,2.6167469725127415,36.1147567268045,1.9236658246515221,0.02036062418618865,316.09057402701103,270.41978789023693,4865.0549000679,0.4256641545615063,0.39002169197396963,0.11659036753867336,-1.407538714809868,0.8719160165057402,0.392850199088392,430.0,53.0
"Hurdle GLM_SM_INT (year, log(max_wind_speed) & log(sdi))",hurdle,glm_sm_int,year,25,2.6756853312408673,2.0547222586475073,18.834227654623156,2.1686361665584255,0.02644396313628565,465.0049107383316,232.07671337924754,5505.056524603926,0.008181274845975911,0.46767895878524945,0.49986666323375006,-0.2555569066977357,0.8115740037642862,0.31297918696173943,336.0,452.0
"Hurdle GLM_SM_INT (year, log(max_wind_speed))",hurdle,glm_sm_int,year,25,2.3141441902638817,1.6982570556021304,17.222021368190646,2.021554619578147,0.03626452901621494,455.59779780124995,238.65517250637495,5495.04461949726,0.015350536357484578,0.49298626174981924,0.5674451542857009,-0.14808147552681805,0.815385887436777,0.3142286540935848,282.0,435.0
"Hurdle GLM_SM_INT (year, log(sdi))",hurdle,glm_sm_int,year,25,2.6845099203559926,2.0914644000546376,19.459963558492777,2.185027049257518,0.024200269867787137,476.64804002945425,236.1518212080005,5584.119475700409,0.00964292127827353,0.4591467823571945,0.4982171900508583,-0.2972706976892874,0.806856057382822,0.30311227774822913,339.0,456.0
"Hurdle GLM_SM_INT (year, no log)",hurdle,glm_sm_int,year,25,2.3483014795994013,1.739366796018329,17.77703640626528,2.0425205565650306,0.030343275571352715,465.16408382664525,240.51128095607893,5557.1274570933665,0.01755329427754456,0.4863340563991323,0.5610605473624566,-0.18508076093179526,0.8115095047728846,0.30648083145627447,297.0,453.0
"Hurdle GLM_SM_INT (basin_year, log(max_wind_speed) & log(sdi))",hurdle,glm_sm_int,basin_year,25,3.560612886364635,1.715702646772579,22.260674916753047,1.86713852629852,0.005496362689246449,331.9067629360243,268.40070863573595,4977.768387436505,0.3483665110157777,0.4271872740419378,0.33445791139999115,-0.483976123258852,0.865507092464269,0.37878376554928717,409.0,86.0
"Hurdle GLM_SM_INT (basin_year, log(max_wind_speed))",hurdle,glm_sm_int,basin_year,25,3.6978537839416967,2.138784665747887,29.493822273370785,1.8374854050434066,0.00739618311813273,329.5168447612509,270.9591822965068,4957.646547906677,0.3651007356757322,0.42559652928416486,0.308805138540419,-0.9661635687596843,0.8664755181789319,0.38129493368930956,414.0,83.0
"Hurdle GLM_SM_INT (basin_year, log(sdi))",hurdle,glm_sm_int,basin_year,25,4.1732679649316085,2.4007825889370946,30.52730561967883,1.9098981704935307,0.01903146996141322,316.4587531699489,264.66778392637985,4806.744974636054,0.4290499341964904,0.4107013738250181,0.219941744213624,-1.035059261070998,0.8717668255613024,0.4001271693064715,424.0,54.0
"Hurdle GLM_SM_INT (basin_year, no log)",hurdle,glm_sm_int,basin_year,25,4.3264993010669,2.8341158773560284,38.15829699838776,1.889938575844954,0.020532022578078735,315.3206315510065,267.28942280058953,4801.32640387742,0.43666854945052,0.406941431670282,0.19130007303364482,-1.5437684105081417,0.8722280071422585,0.4008033968568091,426.0,52.0
"Hurdle GLM_SM_INT (island, log(max_wind_speed) & log(sdi))",hurdle,glm_sm_int,island,25,2.6243719485013273,2.1846010497735304,20.21287696875824,1.771752261683426,0.001134327895341779,401.18915495640965,255.30293818913225,5463.69138816663,0.04759458278903708,0.5600867678958785,0.5094580501695181,-0.34746259563908755,0.8374329723064703,0.3181414790362308,331.0,260.0
"Hurdle GLM_SM_INT (island, log(max_wind_speed))",hurdle,glm_sm_int,island,25,2.338861532710033,1.7677157317894294,17.197572337418936,1.7133909914851,0.017206358805208724,387.78420902017285,254.7480277453708,5310.73991982901,0.08829643767986727,0.5632682574114244,0.5628250418945869,-0.14645161578367372,0.8428648295496783,0.3372295377442688,292.0,210.0
"Hurdle GLM_SM_INT (island, log(sdi))",hurdle,glm_sm_int,island,25,2.585475855627956,2.016046447550005,19.369137546305563,1.8145879557040914,0.0018977323649889957,405.1018877074344,252.77830884659565,5494.469727898435,0.05501301098941755,0.5514099783080261,0.5167284240392689,-0.2912159112122068,0.8358474824555238,0.31430039949562905,327.0,268.0
"Hurdle GLM_SM_INT (island, no log)",hurdle,glm_sm_int,island,25,2.341286753701603,1.6640397429119524,16.91897573692147,1.7615921992010908,0.01737380973763073,391.2693171316993,250.98878424336255,5324.708260038951,0.09441189978561156,0.5531453362255966,0.5623717248125117,-0.1278793710199635,0.8414526187262252,0.3354863148718171,293.0,230.0
"Hurdle GLM_SM_INT (island_basin, log(max_wind_speed) & log(sdi))",hurdle,glm_sm_int,island_basin,25,5.300863763428901,2.3307926342178797,34.35174247682988,1.8642736860499152,0.00327783509634254,336.29280921779747,274.61827873565176,5137.8447943975725,0.2349191899902322,0.43383947939262474,0.009173967210294398,-1.2900098859800426,0.8637298098569374,0.3588065277557936,435.0,107.0
"Hurdle GLM_SM_INT (island_basin, log(max_wind_speed))",hurdle,glm_sm_int,island_basin,25,4.910637883045632,2.2011025056701907,32.8538199988539,1.8197545047622299,0.00588847525865289,335.8683339756433,275.21599623687194,5104.029949067507,0.2631565752232909,0.43947939262472885,0.08211414794452265,-1.190153021795921,0.8639018127079465,0.36302655754615,434.0,106.0
"Hurdle GLM_SM_INT (island_basin, log(sdi))",hurdle,glm_sm_int,island_basin,25,5.9583319191792015,2.7896730333041253,40.011008218967255,1.902724781205137,0.01652535497628268,325.71450079248615,272.2969614526897,5014.063170913131,0.3408774668390419,0.41981200289226317,-0.11371856380360357,-1.6672767598693103,0.86801627706943,0.374254244091748,437.0,78.0
"Hurdle GLM_SM_INT (island_basin, no log)",hurdle,glm_sm_int,island_basin,25,5.564119397055383,2.7770385885721782,39.316593392600176,1.8711548432913077,0.018102873680193938,325.03891323628886,272.6240134467609,4986.062760208497,0.35888646170846494,0.42096890817064353,-0.040033208585323665,-1.6209845865268862,0.8682900338736728,0.3777486432576289,436.0,76.0
"Hurdle GLM_SM_INT (island_year, log(max_wind_speed) & log(sdi))",hurdle,glm_sm_int,island_year,25,2.7452819680263265,2.4356913961181594,21.901343460213987,1.7930543430373542,0.0008509471868361417,405.3461793133147,250.88754813993287,5442.7371730321065,0.052848498387872055,0.5547360809833695,0.4868578098469887,-0.46002180454057795,0.83574849234134,0.32075652610322425,354.0,269.0
"Hurdle GLM_SM_INT (island_year, log(max_wind_speed))",hurdle,glm_sm_int,island_year,25,2.41514034641641,1.9143866457355057,17.942478725184152,1.7272607328021887,0.009878488258640055,392.884513378857,252.34147412086648,5331.524760878518,0.07828710889681598,0.561822125813449,0.5485671703959794,-0.19610973700598477,0.8407981203436089,0.3346356282479933,304.0,239.0
"Hurdle GLM_SM_INT (island_year, log(sdi))",hurdle,glm_sm_int,island_year,25,2.691722942480836,2.2314119865506132,20.51491065784564,1.8373937259543445,0.0026206767024873926,408.3539458857761,249.25080399572835,5476.151740806364,0.06061568231808877,0.546059291395517,0.49686894749731636,-0.3675972404646213,0.834529706475271,0.31658645020718357,341.0,274.0
"Hurdle GLM_SM_INT (island_year, no log)",hurdle,glm_sm_int,island_year,25,2.4242638509651413,1.833287524886212,17.697450229755727,1.7724195963575227,0.012463061213544381,395.89045157756783,249.14268868067998,5350.134813295749,0.08531209459314285,0.5534345625451916,0.5468618245843166,-0.1797752620588584,0.8395800753582006,0.33231312832719706,305.0,249.0
"Hurdle GLM_SM_INT (island_basin_year, log(max_wind_speed) & log(sdi))",hurdle,glm_sm_int,island_basin_year,25,4.103442267472471,2.4013377992318397,27.163205389257552,1.6973834575612572,0.005785140346557165,333.9117812050314,266.1697605095519,4937.506808710017,0.36495331859742214,0.5123644251626898,0.23299341312794797,-0.8107963203980857,0.8646946331631218,0.38380833567445327,422.0,96.0
"Hurdle GLM_SM_INT (island_basin_year, log(max_wind_speed))",hurdle,glm_sm_int,island_basin_year,25,4.168280639437693,2.430270371709927,33.24423632988484,1.7306269723771583,0.008866444642164715,332.13764036735694,267.4807697438865,4922.208268660574,0.37650320073082716,0.4880694143167028,0.2208739643486629,-1.2161795693083786,0.865413537946881,0.3857175650122616,423.0,87.0
"Hurdle GLM_SM_INT (island_basin_year, log(sdi))",hurdle,glm_sm_int,island_basin_year,25,4.580400963773752,3.03865657619652,34.613739975260856,1.7334592245749256,0.017138514878449196,319.1810631513408,264.8861946393417,4820.162161368653,0.4120073822392263,0.4925524222704266,0.14384132132714778,-1.307475575294454,0.8706637103931384,0.39845272936266385,428.0,65.0
"Hurdle GLM_SM_INT (island_basin_year, no log)",hurdle,glm_sm_int,island_basin_year,25,4.728921976509556,3.1628783211228937,41.85794879859689,1.7796557893293419,0.020747776616946496,316.834979273224,265.9249209715587,4795.0755286046915,0.42730774321587045,0.46464208242950106,0.11608009364757899,-1.790400417687319,0.8716143738845945,0.4015834944621428,431.0,63.0
"Hurdle GLM_SM_ISLAND (island, log(max_wind_speed) & log(sdi))",hurdle,glm_sm_island,island,25,2.2246998495511363,1.3066808795806466,16.617806150582556,1.6914622695642474,0.24961759939197023,389.67168328340153,247.47195360390484,5315.386617230743,0.09481580653118651,0.5324656543745481,0.5841638977243312,-0.10780233037092435,0.8421000005979723,0.33664963855293206,266.0,217.0
"Hurdle GLM_SM_ISLAND (island, log(max_wind_speed))",hurdle,glm_sm_island,island,25,2.1201004681648747,1.1256161645941292,15.658621275519828,1.6376050080391287,0.2016662891321898,393.24200669402126,245.05723918097598,5294.393482016432,0.1160002893267029,0.5408532176428055,0.6037153887108052,-0.043859639607632284,0.8406532594346123,0.33926954277347865,239.0,243.0
"Hurdle GLM_SM_ISLAND (island, log(sdi))",hurdle,glm_sm_island,island,25,2.292594707198507,1.3689682747626404,16.730067209280744,1.7718293328327988,0.22599291924056197,402.21781534419057,242.92336984007287,5356.814725413535,0.09471119123349063,0.5158351409978308,0.5714731372272059,-0.1152860536319158,0.8370161458302766,0.33147948772175106,280.0,263.0
"Hurdle GLM_SM_ISLAND (island, no log)",hurdle,glm_sm_island,island,25,2.1950545110531516,1.1831235504864814,15.80066068277765,1.7118593007977416,0.18485026283590475,405.80586793612673,239.55125126811055,5338.602880922205,0.11179556893923318,0.5323210412147505,0.5897051405190084,-0.053328493976185776,0.8355622205736417,0.33375229203419365,260.0,271.0
"Hurdle GLM_SM_ISLAND (island_basin, log(max_wind_speed) & log(sdi))",hurdle,glm_sm_island,island_basin,25,3.2075857541346906,1.9959104386130762,24.762331519313875,1.5044623338562375,0.10001873977423868,350.8614999240552,269.1692463127728,5286.906696790085,0.12332716704998045,0.4970354302241504,0.4004449822822391,-0.6507454903457068,0.8578263882009856,0.3402038796418213,389.0,144.0
"Hurdle GLM_SM_ISLAND (island_basin, log(max_wind_speed))",hurdle,glm_sm_island,island_basin,25,2.9515950933118575,1.6919550724536638,20.35424284682387,1.4785709507843434,0.1251312517024158,350.04616184560405,267.2330321186009,5232.0124820044675,0.1659466608972356,0.514822848879248,0.4482942050153721,-0.35688655014529336,0.8581567737219838,0.34705457552560703,372.0,143.0
"Hurdle GLM_SM_ISLAND (island_basin, log(sdi))",hurdle,glm_sm_island,island_basin,25,3.4743718504506242,2.1519257812650747,25.425857592164277,1.5518672306233818,0.09390599439587811,347.12448773815225,270.145089011298,5224.400318117484,0.162692835724853,0.47563268257411423,0.3505779000078628,-0.6949785090188592,0.8593406738091863,0.34800455941755126,408.0,136.0
"Hurdle GLM_SM_ISLAND (island_basin, no log)",hurdle,glm_sm_island,island_basin,25,3.328084601639191,1.9025726481655325,23.029434408601702,1.5277465112421442,0.1301909550183202,345.09886995679193,267.9969701388301,5159.186781293223,0.21668305933174684,0.49428778018799713,0.37792159734782127,-0.5352243776221304,0.8601614802988201,0.3561430874943956,397.0,128.0
"Hurdle GLM_SM_ISLAND (island_year, log(max_wind_speed) & log(sdi))",hurdle,glm_sm_island,island_year,25,2.323883361274827,1.4233520452651665,17.37478456531548,1.7140000790576555,0.2994782890170335,397.37131438454895,246.32039787783626,5341.691114480262,0.09978272615767748,0.5191612436731743,0.5656247294255092,-0.1582652160420408,0.8389800106207104,0.33336688623128763,286.0,256.0
"Hurdle GLM_SM_ISLAND (island_year, log(max_wind_speed))",hurdle,glm_sm_island,island_year,25,2.2190684618731034,1.2715796549081748,16.738160339201016,1.6548726645388565,0.23230831208495029,397.1158404160311,244.50702229758176,5326.117341415188,0.10845638549677615,0.5352133044107014,0.5852165045750526,-0.11582557058766962,0.8390835319726759,0.3353104641374218,265.0,255.0
"Hurdle GLM_SM_ISLAND (island_year, log(sdi))",hurdle,glm_sm_island,island_year,25,2.3915833832466418,1.494481264767752,17.280250587089704,1.7953726272519637,0.2736375075289655,410.8116547385808,243.4805949606518,5425.270175484458,0.09603974518144111,0.5073029645697759,0.5529703871930427,-0.15196324330094702,0.833533811102227,0.32293637490275795,302.0,281.0
"Hurdle GLM_SM_ISLAND (island_year, no log)",hurdle,glm_sm_island,island_year,25,2.2920757668963025,1.3392661760320996,16.70515792985232,1.7304297099296533,0.2144200179547689,409.8362669893184,240.47978317979909,5399.702702577168,0.10376523550371619,0.5248011569052784,0.5715701364303236,-0.11362551206893068,0.8339290508171776,0.3261271479576021,279.0,279.0
"Hurdle GLM_SM_ISLAND (island_basin_year, log(max_wind_speed) & log(sdi))",hurdle,glm_sm_island,island_basin_year,25,4.031063022265458,3.9109664098227097,61.6858031686183,1.5044438384325605,0.06037906144780509,352.4715124422614,259.7966161893784,4997.391810863067,0.3364426083363634,0.5451916124367318,0.24652238568512752,-3.112196031279491,0.8571739903322979,0.37633479881173304,419.0,147.0
"Hurdle GLM_SM_ISLAND (island_basin_year, log(max_wind_speed))",hurdle,glm_sm_island,island_basin_year,25,3.2563877794864635,1.6131933656307331,22.179921548046178,1.5337099944320065,0.1404385634980173,333.0790327172723,259.4498696702808,4874.055322513356,0.3978876048724597,0.5383947939262473,0.39132301285812376,-0.47859281518387875,0.8650320736068596,0.3917269631109721,393.0,88.0
"Hurdle GLM_SM_ISLAND (island_basin_year, log(sdi))",hurdle,glm_sm_island,island_basin_year,25,3.687221162692383,2.522351288763034,34.48329319467044,1.5227153323714229,0.08721960258283892,340.49373569492525,260.8314625978301,4913.213117656411,0.38159370604934906,0.5320318148951555,0.31079256519403253,-1.298779526837878,0.862027540185615,0.3868401431236147,413.0,114.0
"Hurdle GLM_SM_ISLAND (island_basin_year, no log)",hurdle,glm_sm_island,island_basin_year,25,3.4239333841758115,1.7089095227921605,21.77453625153263,1.561678897456437,0.15814384408847285,324.4900024558862,259.6198292390923,4781.827976402667,0.43887580791188086,0.5246565437454809,0.36000574944324293,-0.4515683829509831,0.868512459612097,0.4032367643321113,404.0,75.0
"Hurdle RF (base, log(max_wind_speed) & log(sdi))",hurdle,rf,base,25,21.318344928700824,14.361405487069268,274.12741118317615,1.8655706581341769,0.35720112354148953,521.5152822796819,277.0708386469059,6087.87925222983,-0.0036808645613164697,0.42111352133044105,-2.9847790990356944,-17.27431263642616,0.7886752712790261,0.24024399479774372,522.0,482.0
"Hurdle RF (base, log(max_wind_speed))",hurdle,rf,base,25,21.337895563237755,14.338261981130382,273.9028842323135,1.8664997640548144,0.3568586133285244,521.7604843482285,277.0519205769958,6088.046285129883,-0.00356456894094383,0.420824295010846,-2.988433461517219,-17.259344867688046,0.7885759122336097,0.24022314940255374,524.0,484.0
"Hurdle RF (base, log(sdi))",hurdle,rf,base,25,21.30723414686425,14.367893425812046,274.0680707245079,1.8652360862996709,0.35839086292162703,521.4434386296457,276.9482376995371,6087.137974231804,-0.003680523567519664,0.42096890817064353,-2.9827022956354114,-17.270356789438758,0.7887043832540154,0.24033650491287417,521.0,481.0
"Hurdle RF (base, no log)",hurdle,rf,base,25,21.327004217074077,14.344653861724721,273.8431078926543,1.866131558540385,0.3580232240531383,521.6882745370933,276.92847702551137,6087.303989446342,-0.0035641373220620643,0.4206796818510484,-2.986397674560092,-17.255359963316465,0.7886051725818058,0.24031578652294328,523.0,483.0
"Hurdle RF (basin, log(max_wind_speed) & log(sdi))",hurdle,rf,basin,25,17.051978369281876,11.942141737106338,178.02162078275566,1.7418191821826863,0.2344603892278099,395.784331828778,288.29385288823494,5393.728260366443,0.06009952670604297,0.43817787418655096,-2.1873190545690298,-10.867557279974179,0.8396230764511444,0.3268727472310551,501.0,247.0
"Hurdle RF (basin, log(max_wind_speed))",hurdle,rf,basin,25,17.133253030125772,11.987711896622042,179.4152417649453,1.7421885432307274,0.23500688483868834,395.9959545417209,288.14239327806325,5394.51169737065,0.059968882189218586,0.43846710050614607,-2.202510739049937,-10.960461033799072,0.8395373241943584,0.32677497575038295,503.0,250.0
"Hurdle RF (basin, log(sdi))",hurdle,rf,basin,25,17.01125204858859,11.903880799328412,177.76814253615498,1.741585607685541,0.23425536372736935,395.81890649255246,288.08080936523015,5393.090203832217,0.06016464021046381,0.4387563268257411,-2.179706578458807,-10.8506595144245,0.8396090663507868,0.3269523754995295,500.0,248.0
"Hurdle RF (basin, no log)",hurdle,rf,basin,25,17.0925511027538,11.949803218603947,179.16363906767427,1.74196803791156,0.2348009737165806,396.0382679248012,287.93027884657977,5393.870677590044,0.060034250916045036,0.4390455531453362,-2.194902822486773,-10.9436882990687,0.8395201782649782,0.326854973826493,502.0,251.0
"Hurdle RF (year, log(max_wind_speed) & log(sdi))",hurdle,rf,year,25,32.279252041400085,27.45190630337444,490.94793985406244,1.9683761804626636,0.6499916503994486,479.52045751496746,274.97235078817636,5841.938446807277,-0.0009774150972702922,0.37859725234996383,-5.03356823886961,-31.728343737603936,0.80569211671507,0.27093694978295046,558.0,462.0
"Hurdle RF (year, log(max_wind_speed))",hurdle,rf,year,25,32.45677935090946,27.765835009093898,496.4663990309718,1.968818227707568,0.6485120009636087,479.84104570296455,274.845794896988,5842.597990874664,-0.0008988119750001162,0.3784526391901663,-5.066751261041684,-32.096223942779076,0.8055622102403,0.27085463991031145,560.0,464.0
"Hurdle RF (year, log(sdi))",hurdle,rf,year,25,32.28656215030513,27.464742776952132,490.99760943087864,1.9676183305098665,0.6513946724137326,479.23279844049165,274.9475412597671,5840.756686175309,-0.0009542530440465798,0.37903109182935646,-5.034934628674913,-31.731654889054795,0.8058086798877003,0.27108443131135296,559.0,461.0
"Hurdle RF (year, no log)",hurdle,rf,year,25,32.46402736352981,27.77807436085736,496.5172874346354,1.968057332934702,0.649926857050468,479.5543205628344,274.8210509602578,5841.415466771169,-0.0008756164788791016,0.3787418655097614,-5.068106043943251,-32.09961634558223,0.80567839497067,0.2710022167185402,561.0,463.0
"Hurdle RF (basin_year, log(max_wind_speed) & log(sdi))",hurdle,rf,basin_year,25,62.87849020343544,120.10680679523517,1957.5465430115137,1.9211072438076038,0.49483691795738316,418.86937553665945,268.1318370663145,5395.654929516039,0.04487346957209413,0.39840925524222703,-10.753111903365735,-129.49704651186343,0.8302687185543731,0.3266323025054295,569.0,296.0
"Hurdle RF (basin_year, log(max_wind_speed))",hurdle,rf,basin_year,25,63.29836403878115,120.52990593089166,1966.8824665818343,1.9216642655642673,0.4940564749238908,419.04857567259575,268.08280275911994,5396.097446651737,0.04480350321728419,0.3979754157628344,-10.831593815958538,-130.11941253260338,0.8301961043445881,0.3265770771901232,571.0,297.0
"Hurdle RF (basin_year, log(sdi))",hurdle,rf,basin_year,25,62.83126755175492,120.10614161536003,1957.5187750297732,1.92039162052156,0.4970537846574137,418.6001437350687,268.10744351433334,5395.355971191357,0.04484919781486601,0.39840925524222703,-10.744285147065144,-129.4951953989907,0.8303778147580079,0.3266696119481882,568.0,294.0
"Hurdle RF (basin_year, no log)",hurdle,rf,basin_year,25,63.25115154643811,120.52912864705752,1966.8554825672327,1.9209504373491908,0.4962863193053036,418.7778799381055,268.05876169741924,5395.786491977915,0.044781003844683184,0.3979754157628344,-10.822768958619418,-130.1176136817811,0.8303057937527432,0.32661588375493733,570.0,295.0
"Hurdle RF (island, log(max_wind_speed) & log(sdi))",hurdle,rf,island,25,19.351201813047172,11.999067582934499,233.24944252289043,1.8159941747177177,0.30843690893552733,491.36299154070866,273.7595538719785,5943.499493642583,-0.0009697232645480857,0.4318148951554591,-2.617084946497825,-14.549241196047934,0.8008933689594548,0.25826232007516037,519.0,474.0
"Hurdle RF (island, log(max_wind_speed))",hurdle,rf,island,25,19.33184763074141,11.976574988959824,232.9775812762776,1.8166224370753246,0.30927665885438915,491.73554261518444,273.2693502006784,5943.96327412295,-0.0006596299852037213,0.4319595083152567,-2.6134673044440513,-14.531117954038356,0.8007424064518862,0.2582044411339961,517.0,476.0
"Hurdle RF (island, log(sdi))",hurdle,rf,island,25,19.351610525736803,12.025130032522682,233.46577292368832,1.8156487959645344,0.3082499092341081,491.2635417023861,273.7596395194807,5942.811607679333,-0.0009638220191374099,0.4315256688358641,-2.61716134219311,-14.56366255347396,0.800933667318523,0.2583481669636777,520.0,473.0
"Hurdle RF (island, no log)",hurdle,rf,island,25,19.332247130348847,12.002657556644795,233.19409497416845,1.8162722378599845,0.30908787777338975,491.63373929891543,273.27016211514905,5943.273890872686,-0.0006534540304651412,0.4316702819956616,-2.613541978049864,-14.545551530703486,0.8007836584706178,0.2582904748811474,518.0,475.0
"Hurdle RF (island_basin, log(max_wind_speed) & log(sdi))",hurdle,rf,island_basin,25,17.54966623318466,13.39765744273462,200.07594974410415,1.7040516030687756,0.2098392528783039,390.3774429454808,287.72631631151876,5381.461919343296,0.060932841676401193,0.4420824295010846,-2.280345797712377,-12.337777644609515,0.8418140176666973,0.3284035637712782,506.0,222.0
"Hurdle RF (island_basin, log(max_wind_speed))",hurdle,rf,island_basin,25,17.564482604091463,13.388009634442911,200.22868639806816,1.704283172055609,0.20955499046453324,390.52384701026756,287.6360421080824,5381.791392532944,0.06087323080792695,0.4415039768618944,-2.283115241837165,-12.347959615662804,0.8417546928485644,0.32836244613013965,507.0,224.0
"Hurdle RF (island_basin, log(sdi))",hurdle,rf,island_basin,25,17.51128348535092,13.413299180228579,199.97456502652676,1.7037287829240921,0.2100262652789299,390.49415845958066,287.58137870981136,5381.2899707403485,0.060912705569276235,0.44237165582067967,-2.27317137719132,-12.331018977106808,0.8417667230327857,0.32842502263704454,504.0,223.0
"Hurdle RF (island_basin, no log)",hurdle,rf,island_basin,25,17.52608698364703,13.403935430063504,200.1285309214096,1.7039636840376557,0.20974202833054142,390.639801783948,287.4912840280384,5381.618916899176,0.060853194242081486,0.4417932031814895,-2.275938415195454,-12.341282893751599,0.8417077064764973,0.328383970768372,505.0,226.0
"Hurdle RF (island_year, log(max_wind_speed) & log(sdi))",hurdle,rf,island_year,25,35.60344465720329,32.74390509321214,604.3813030900368,1.9279573091536613,0.6587479801621526,483.23142118640635,280.34697623967315,5900.503701645163,-0.0017666333729616356,0.38900939985538685,-5.654919159915462,-39.2902170075132,0.8041883863013951,0.2636281149299945,564.0,471.0
"Hurdle RF (island_year, log(max_wind_speed))",hurdle,rf,island_year,25,35.619951047946934,32.761775831263435,604.8686148818916,1.9281519921194017,0.6574925956088171,483.2933031375271,280.2286893082237,5900.194582899558,-0.0016032248404439541,0.3891540130151844,-5.658004498906634,-39.32270295263388,0.8041633109354803,0.26366669237438267,566.0,472.0
"Hurdle RF (island_year, log(sdi))",hurdle,rf,island_year,25,35.60311144739255,32.73753064302515,604.4587086827715,1.9276526156952243,0.6594303830175301,482.82498129399863,280.30498085635173,5898.921255779712,-0.001747763775452268,0.3891540130151844,-5.654856877055612,-39.29537714088088,0.8043530809957269,0.2638256012301283,563.0,469.0
"Hurdle RF (island_year, no log)",hurdle,rf,island_year,25,35.619497314370626,32.755290246797436,604.9459015209521,1.9278377437630945,0.6581872855486509,482.8868545399855,280.18727160428506,5898.612006309702,-0.0015840929337966013,0.3894432393347795,-5.657919688004219,-39.32785515612464,0.8043280091572449,0.26386419498867886,565.0,470.0
"Hurdle RF (island_basin_year, log(max_wind_speed) & log(sdi))",hurdle,rf,island_basin_year,25,84.34305454255333,174.32815555508867,2869.441030190948,1.8787445922766706,0.5251807296202746,420.8058413726681,269.17262085885625,5399.619256318058,0.04601460959571448,0.3979754157628344,-14.765222019534885,-190.28719105897397,0.8294840375845592,0.32613756189550125,573.0,306.0
"Hurdle RF (island_basin_year, log(max_wind_speed))",hurdle,rf,island_basin_year,25,84.96959345333991,176.49680720850688,2903.7360387955323,1.8790292301431633,0.5250498490647482,421.0577042545192,269.1428055881605,5400.127849799498,0.04596877635358822,0.3982646420824295,-14.882333322723987,-192.5734188623304,0.8293819794915549,0.3260740903751702,575.0,307.0
"Hurdle RF (island_basin_year, log(sdi))",hurdle,rf,island_basin_year,25,84.24699251840686,174.34199378705944,2869.3497586951116,1.8779913617742583,0.5260127858542649,420.4365002921186,269.2267404907617,5398.667837801593,0.046181467247190536,0.398120028922632,-14.747266312968069,-190.2811065749652,0.8296336993611259,0.3262562971564018,572.0,304.0
"Hurdle RF (island_basin_year, no log)",hurdle,rf,island_basin_year,25,84.87345523785464,176.51041310505536,2903.6438502046467,1.878280622493484,0.5258910917547969,420.6872679132321,269.19711492581695,5399.164772073382,0.04613703801816745,0.3982646420824295,-14.864363374636294,-192.56727324148903,0.8295320850819198,0.32619428068374534,574.0,305.0
"Hurdle XGB (base, log(max_wind_speed) & log(sdi))",hurdle,xgb,base,25,25.244558794229835,45.17541813056068,783.4166109539995,1.5691988547394504,0.08563777992284598,522.3472021920791,348.2356967088154,7150.069141311555,-0.0052704110908142945,0.4880694143167028,-3.718658534893832,-51.225350290038634,0.7883381665847277,0.10768467266608772,537.5,486.5
"Hurdle XGB (base, log(max_wind_speed))",hurdle,xgb,base,25,25.244558794229835,45.17541813056068,783.4166109539995,1.5691988547394504,0.08563777992284598,522.3472021920791,348.2356967088154,7150.069141311555,-0.0052704110908142945,0.4880694143167028,-3.718658534893832,-51.225350290038634,0.7883381665847277,0.10768467266608772,537.5,486.5
"Hurdle XGB (base, log(sdi))",hurdle,xgb,base,25,25.244558794229835,45.17541813056068,783.4166109539995,1.5691988547394504,0.08563777992284598,522.3472021920791,348.2356967088154,7150.069141311555,-0.0052704110908142945,0.4880694143167028,-3.718658534893832,-51.225350290038634,0.7883381665847277,0.10768467266608772,537.5,486.5
"Hurdle XGB (base, no log)",hurdle,xgb,base,25,25.244558794229835,45.17541813056068,783.4166109539995,1.5691988547394504,0.08563777992284598,522.3472021920791,348.2356967088154,7150.069141311555,-0.0052704110908142945,0.4880694143167028,-3.718658534893832,-51.225350290038634,0.7883381665847277,0.10768467266608772,537.5,486.5
"Hurdle XGB (basin, log(max_wind_speed) & log(sdi))",hurdle,xgb,basin,25,12.732652979077981,17.947482212260923,303.4587723008206,1.4084245834447724,0.10540146522409082,320.75957734435514,336.49720855345424,5967.4610817068315,0.003204834891744845,0.5168474331164136,-1.3799600595634276,-19.229645964101216,0.8700240760526781,0.25527195846124895,463.5,67.5
"Hurdle XGB (basin, log(max_wind_speed))",hurdle,xgb,basin,25,12.732652979077981,17.947482212260923,303.4587723008206,1.4084245834447724,0.10540146522409082,320.75957734435514,336.49720855345424,5967.4610817068315,0.003204834891744845,0.5168474331164136,-1.3799600595634276,-19.229645964101216,0.8700240760526781,0.25527195846124895,463.5,67.5
"Hurdle XGB (basin, log(sdi))",hurdle,xgb,basin,25,12.732652979077981,17.947482212260923,303.4587723008206,1.4084245834447724,0.10540146522409082,320.75957734435514,336.49720855345424,5967.4610817068315,0.003204834891744845,0.5168474331164136,-1.3799600595634276,-19.229645964101216,0.8700240760526781,0.25527195846124895,463.5,67.5
"Hurdle XGB (basin, no log)",hurdle,xgb,basin,25,12.732652979077981,17.947482212260923,303.4587723008206,1.4084245834447724,0.10540146522409082,320.75957734435514,336.49720855345424,5967.4610817068315,0.003204834891744845,0.5168474331164136,-1.3799600595634276,-19.229645964101216,0.8700240760526781,0.25527195846124895,463.5,67.5
"Hurdle XGB (year, log(max_wind_speed) & log(sdi))",hurdle,xgb,year,25,29.145331191518192,62.77644465462648,1068.3882703632366,1.5277617441165696,0.12029187335155844,479.0406636932923,330.5679433239222,6795.941564191187,-0.005592480628869127,0.4979031091829356,-4.447782506327634,-70.22257925772372,0.8058865353690436,0.15187913549587828,550.5,458.5
"Hurdle XGB (year, log(max_wind_speed))",hurdle,xgb,year,25,29.145331191518192,62.77644465462648,1068.3882703632366,1.5277617441165696,0.12029187335155844,479.0406636932923,330.5679433239222,6795.941564191187,-0.005592480628869127,0.4979031091829356,-4.447782506327634,-70.22257925772372,0.8058865353690436,0.15187913549587828,550.5,458.5
"Hurdle XGB (year, log(sdi))",hurdle,xgb,year,25,29.145331191518192,62.77644465462648,1068.3882703632366,1.5277617441165696,0.12029187335155844,479.0406636932923,330.5679433239222,6795.941564191187,-0.005592480628869127,0.4979031091829356,-4.447782506327634,-70.22257925772372,0.8058865353690436,0.15187913549587828,550.5,458.5
"Hurdle XGB (year, no log)",hurdle,xgb,year,25,29.145331191518192,62.77644465462648,1068.3882703632366,1.5277617441165696,0.12029187335155844,479.0406636932923,330.5679433239222,6795.941564191187,-0.005592480628869127,0.4979031091829356,-4.447782506327634,-70.22257925772372,0.8058865353690436,0.15187913549587828,550.5,458.5
"Hurdle XGB (basin_year, log(max_wind_speed) & log(sdi))",hurdle,xgb,basin_year,25,14.608429684498594,18.76086846768138,307.92006278755065,1.4160971884465463,0.1170731117801429,316.5995616198666,316.57887234064816,5811.9885982972055,0.00414381490704029,0.5211858279103398,-1.7305761995694522,-19.527051527319195,0.8717097681585924,0.2746746351603485,481.5,56.5
"Hurdle XGB (basin_year, log(max_wind_speed))",hurdle,xgb,basin_year,25,14.608429684498594,18.76086846768138,307.92006278755065,1.4160971884465463,0.1170731117801429,316.5995616198666,316.57887234064816,5811.9885982972055,0.00414381490704029,0.5211858279103398,-1.7305761995694522,-19.527051527319195,0.8717097681585924,0.2746746351603485,481.5,56.5
"Hurdle XGB (basin_year, log(sdi))",hurdle,xgb,basin_year,25,14.608429684498594,18.76086846768138,307.92006278755065,1.4160971884465463,0.1170731117801429,316.5995616198666,316.57887234064816,5811.9885982972055,0.00414381490704029,0.5211858279103398,-1.7305761995694522,-19.527051527319195,0.8717097681585924,0.2746746351603485,481.5,56.5
"Hurdle XGB (basin_year, no log)",hurdle,xgb,basin_year,25,14.608429684498594,18.76086846768138,307.92006278755065,1.4160971884465463,0.1170731117801429,316.5995616198666,316.57887234064816,5811.9885982972055,0.00414381490704029,0.5211858279103398,-1.7305761995694522,-19.527051527319195,0.8717097681585924,0.2746746351603485,481.5,56.5
"Hurdle XGB (island, log(max_wind_speed) & log(sdi))",hurdle,xgb,island,25,25.83227078564488,43.660415688703196,784.3535728441669,1.508156941567889,0.07264618796184762,544.4418071296059,379.3744118705292,7430.893781739316,-0.005387651791934725,0.4987707881417209,-3.828512393975097,-51.28781151723016,0.7793851472710656,0.0726382799677423,541.5,490.5
"Hurdle XGB (island, log(max_wind_speed))",hurdle,xgb,island,25,25.83227078564488,43.660415688703196,784.3535728441669,1.508156941567889,0.07264618796184762,544.4418071296059,379.3744118705292,7430.893781739316,-0.005387651791934725,0.4987707881417209,-3.828512393975097,-51.28781151723016,0.7793851472710656,0.0726382799677423,541.5,490.5
"Hurdle XGB (island, log(sdi))",hurdle,xgb,island,25,25.83227078564488,43.660415688703196,784.3535728441669,1.508156941567889,0.07264618796184762,544.4418071296059,379.3744118705292,7430.893781739316,-0.005387651791934725,0.4987707881417209,-3.828512393975097,-51.28781151723016,0.7793851472710656,0.0726382799677423,541.5,490.5
"Hurdle XGB (island, no log)",hurdle,xgb,island,25,25.83227078564488,43.660415688703196,784.3535728441669,1.508156941567889,0.07264618796184762,544.4418071296059,379.3744118705292,7430.893781739316,-0.005387651791934725,0.4987707881417209,-3.828512393975097,-51.28781151723016,0.7793851472710656,0.0726382799677423,541.5,490.5
"Hurdle XGB (island_basin, log(max_wind_speed) & log(sdi))",hurdle,xgb,island_basin,25,15.845173719137712,28.495193712683093,473.1440282765275,1.3766686268071213,0.07595864173191666,316.6551486073447,329.360342160249,5900.182006946787,0.0037710205138079835,0.5372378886478669,-1.961745729688663,-30.54147138173525,0.8716872435932568,0.263668261829893,495.5,60.5
"Hurdle XGB (island_basin, log(max_wind_speed))",hurdle,xgb,island_basin,25,15.845173719137712,28.495193712683093,473.1440282765275,1.3766686268071213,0.07595864173191666,316.6551486073447,329.360342160249,5900.182006946787,0.0037710205138079835,0.5372378886478669,-1.961745729688663,-30.54147138173525,0.8716872435932568,0.263668261829893,495.5,60.5
"Hurdle XGB (island_basin, log(sdi))",hurdle,xgb,island_basin,25,15.845173719137712,28.495193712683093,473.1440282765275,1.3766686268071213,0.07595864173191666,316.6551486073447,329.360342160249,5900.182006946787,0.0037710205138079835,0.5372378886478669,-1.961745729688663,-30.54147138173525,0.8716872435932568,0.263668261829893,495.5,60.5
"Hurdle XGB (island_basin, no log)",hurdle,xgb,island_basin,25,15.845173719137712,28.495193712683093,473.1440282765275,1.3766686268071213,0.07595864173191666,316.6551486073447,329.360342160249,5900.182006946787,0.0037710205138079835,0.5372378886478669,-1.961745729688663,-30.54147138173525,0.8716872435932568,0.263668261829893,495.5,60.5
"Hurdle XGB (island_year, log(max_wind_speed) & log(sdi))",hurdle,xgb,island_year,25,29.21725769455174,49.36426388275645,890.6725503856024,1.4635498489076562,0.0827304213866177,492.56796998237814,361.63361052164197,7004.915460439138,-0.005456884977540789,0.5174258857556038,-4.461226853293281,-58.375414418346395,0.8004050961303494,0.12579958200494123,554.5,478.5
"Hurdle XGB (island_year, log(max_wind_speed))",hurdle,xgb,island_year,25,29.21725769455174,49.36426388275645,890.6725503856024,1.4635498489076562,0.0827304213866177,492.56796998237814,361.63361052164197,7004.915460439138,-0.005456884977540789,0.5174258857556038,-4.461226853293281,-58.375414418346395,0.8004050961303494,0.12579958200494123,554.5,478.5
"Hurdle XGB (island_year, log(sdi))",hurdle,xgb,island_year,25,29.21725769455174,49.36426388275645,890.6725503856024,1.4635498489076562,0.0827304213866177,492.56796998237814,361.63361052164197,7004.915460439138,-0.005456884977540789,0.5174258857556038,-4.461226853293281,-58.375414418346395,0.8004050961303494,0.12579958200494123,554.5,478.5
"Hurdle XGB (island_year, no log)",hurdle,xgb,island_year,25,29.21725769455174,49.36426388275645,890.6725503856024,1.4635498489076562,0.0827304213866177,492.56796998237814,361.63361052164197,7004.915460439138,-0.005456884977540789,0.5174258857556038,-4.461226853293281,-58.375414418346395,0.8004050961303494,0.12579958200494123,554.5,478.5
"Hurdle XGB (island_basin_year, log(max_wind_speed) & log(sdi))",hurdle,xgb,island_basin_year,25,15.591082288905605,20.391156214936924,353.9896617220225,1.355633643830159,0.0947669201409104,323.308312249728,309.96529343624815,5865.454506430563,0.004989842779338041,0.5388286334056399,-1.914251507045241,-22.598215590517313,0.8689912957473624,0.26800218928964037,489.5,71.5
"Hurdle XGB (island_basin_year, log(max_wind_speed))",hurdle,xgb,island_basin_year,25,15.591082288905605,20.391156214936924,353.9896617220225,1.355633643830159,0.0947669201409104,323.308312249728,309.96529343624815,5865.454506430563,0.004989842779338041,0.5388286334056399,-1.914251507045241,-22.598215590517313,0.8689912957473624,0.26800218928964037,489.5,71.5
"Hurdle XGB (island_basin_year, log(sdi))",hurdle,xgb,island_basin_year,25,15.591082288905605,20.391156214936924,353.9896617220225,1.355633643830159,0.0947669201409104,323.308312249728,309.96529343624815,5865.454506430563,0.004989842779338041,0.5388286334056399,-1.914251507045241,-22.598215590517313,0.8689912957473624,0.26800218928964037,489.5,71.5
"Hurdle XGB (island_basin_year, no log)",hurdle,xgb,island_basin_year,25,15.591082288905605,20.391156214936924,353.9896617220225,1.355633643830159,0.0947669201409104,323.308312249728,309.96529343624815,5865.454506430563,0.004989842779338041,0.5388286334056399,-1.914251507045241,-22.598215590517313,0.8689912957473624,0.26800218928964037,489.5,71.5
"Hurdle GPD (base, log(max_wind_speed) & log(sdi))",hurdle,gpd,base,25,1.5178573458899594,0.8645386966246236,14.809754730915204,0.9246305454013575,0.039536663034910886,339.01357473792524,271.24043306648923,5300.152067578492,0.38303172589239887,0.7268257411424439,0.7162853754618981,0.012728837100164148,0.8626273205244271,0.33855088200821404,5.0,111.0
"Hurdle GPD (base, log(max_wind_speed))",hurdle,gpd,base,25,1.4772480173273674,0.8570066598176963,14.764022779217047,0.9158209114419577,0.06397596351502555,334.49169038706907,272.0164660506762,5261.166267448519,0.3899115681346645,0.7253796095444686,0.7238759836551371,0.015777492392237802,0.864459646471953,0.3434162373379068,4.0,98.0
"Hurdle GPD (base, log(sdi))",hurdle,gpd,base,25,1.5595924938663084,0.8520852337374443,14.938418838853027,0.9242781506992772,0.01697735506127923,377.87236139205,279.66218106452976,5703.281675108891,0.2808480978993635,0.7172812725958062,0.708484331529664,0.004151627971772709,0.8468812382385676,0.2882410569432923,26.0,181.0
"Hurdle GPD (base, no log)",hurdle,gpd,base,25,1.5638768379350552,0.8593979954925995,14.94203701964107,0.9204267068944934,0.035331270579667215,396.45010041007663,280.97308995043545,5684.50604198251,0.36756771808420013,0.7230657989877078,0.7076835111678902,0.003910427113345438,0.8393532984223608,0.2905842210285552,29.0,253.0
"Hurdle GPD (basin, log(max_wind_speed) & log(sdi))",hurdle,gpd,basin,25,34.15858630036132,75.80060433919259,1205.0134120230482,0.9464206030365918,0.0035693486015602937,14531.762672387142,37236.99976000504,607681.9447560577,0.09058990389622416,0.718293564714389,-5.384849349117921,-79.3304993373361,-4.888457939633092,-74.8375762154441,562.0,573.0
"Hurdle GPD (basin, log(max_wind_speed))",hurdle,gpd,basin,25,23.521360569948882,68.23843435770453,1105.9146246274704,0.9145059980647747,-0.0004623022602015424,12464.360036110602,34945.68970746197,568818.9498851956,0.050804367294457836,0.7271149674620391,-3.3965620358187216,-72.72422010775769,-4.05071968705804,-69.98754675362993,533.0,570.0
"Hurdle GPD (basin, log(sdi))",hurdle,gpd,basin,25,17.819481378030662,52.703572768989886,856.1051227904347,0.933985479020479,0.00038735548246198354,9247.43020259008,27035.093464010508,441398.0747797854,0.058633457052260696,0.718293564714389,-2.330779063211246,-56.07102619177459,-2.7471781658748604,-54.085658585594466,512.0,567.0
"Hurdle GPD (basin, no log)",hurdle,gpd,basin,25,21.92460459322688,66.01550090304741,1073.5518468426221,0.9315599165986506,-0.0009404072262409996,11521.432287264795,33772.72557249403,552401.6796659003,0.04322709007331051,0.7180043383947939,-3.098099849209852,-70.56680171435113,-3.6686331835575423,-67.93870197183351,529.0,569.0
"Hurdle GPD (year, log(max_wind_speed) & log(sdi))",hurdle,gpd,year,25,1.526271708377299,0.8609997994713042,14.826969130586079,0.9358620466786249,0.06785331225168441,338.00513956609626,276.6219790445624,5279.689265997682,0.5250382440670803,0.7211858279103398,0.714712580956349,0.01158126371421131,0.8630359514818708,0.34110460157789646,6.0,108.0
"Hurdle GPD (year, log(max_wind_speed))",hurdle,gpd,year,25,1.4569503419616958,0.859938844506254,14.750255370759362,0.9298829117527141,0.06721090044922626,312.23085132213794,282.55511084535254,5168.967282158807,0.40256845703248006,0.7207519884309472,0.7276699813987071,0.016695277028452082,0.8734800260012627,0.35492249918134855,2.0,46.0
"Hurdle GPD (year, log(sdi))",hurdle,gpd,year,25,1.6007869991380854,0.9045451982286353,15.071356631711183,0.9276134473972185,0.014818587045451031,435.97696442759377,381.10856271069713,6811.200944379874,0.1127430103334676,0.7232104121475055,0.7007843433668354,-0.004710480262500427,0.8233365025593913,0.14997479323584195,72.0,337.0
"Hurdle GPD (year, no log)",hurdle,gpd,year,25,1.538119394297195,0.8426019048247637,14.898576943808271,0.9248886740824003,0.04427079040135115,364.94782187717516,291.5631373856288,5485.109263047687,0.41737320094426356,0.7219088937093275,0.7124980370326328,0.006807631043238671,0.852118428594496,0.3154685680954309,7.0,167.0
"Hurdle GPD (basin_year, log(max_wind_speed) & log(sdi))",hurdle,gpd,basin_year,25,3.3932763177358103,6.772495685776319,110.21629405951575,0.9288989005496736,0.03727265777848224,1808.840610096374,3795.936203491914,64972.746798729255,0.37786455208181974,0.716413593637021,0.36573610224485276,-6.347411944608485,0.26703442024331747,-7.108477929607375,401.0,546.0
"Hurdle GPD (basin_year, log(max_wind_speed))",hurdle,gpd,basin_year,25,2.0848284801804193,1.8096948009534357,31.571102647350898,0.9195890883538694,0.10822344177764623,1003.5261633181448,1823.6420355984826,33150.62760864755,0.5205565709308358,0.7210412147505423,0.6103083527036466,-1.1046425002309292,0.5933582362139174,-3.137136654388895,237.0,537.0
"Hurdle GPD (basin_year, log(sdi))",hurdle,gpd,basin_year,25,3.139609394829874,5.173455576198364,91.34648776197695,0.9308101792538738,0.11542607193761721,2543.235525811987,7159.349275634344,126284.70497967144,0.4666604930213176,0.7139551699204627,0.41315097689356106,-5.089483238458027,-0.030551885682871704,-14.7600962499968,387.0,548.0
"Hurdle GPD (basin_year, no log)",hurdle,gpd,basin_year,25,4.853424385931344,8.137404115944875,134.37709244349227,0.9279747036142729,0.03377016499959616,2794.1810549745096,5258.82038577795,82768.29833120675,0.3460814690582769,0.7195950831525669,0.09280837154613153,-7.958057086985054,-0.13223825552844715,-9.329329655228227,432.0,549.0
"Hurdle GPD (island, log(max_wind_speed) & log(sdi))",hurdle,gpd,island,25,1.5432204663007625,0.8580542228805185,14.868730561899344,0.9245143059285632,0.04598961406938055,329.0712745764154,269.9872810019089,5135.1933391865805,0.44826161827350786,0.72176428054953,0.7115445556451013,0.008797297496935474,0.8666560689731961,0.3591374244335387,9.0,82.0
"Hurdle GPD (island, log(max_wind_speed))",hurdle,gpd,island,25,1.4674127118512914,0.8483458710088483,14.737622062899725,0.9145362849549277,0.08038559787409526,317.8641041105414,270.00863646213605,5094.164111679117,0.46045109469132056,0.7249457700650759,0.7257143777624082,0.017537458466867162,0.8711973592074493,0.36425779569848904,3.0,64.0
"Hurdle GPD (island, log(sdi))",hurdle,gpd,island,25,1.5837637731953367,0.8523281671318388,14.943465564262132,0.9206515865479679,0.0269965366426271,378.5959180486341,271.93531679793773,5549.5003416768095,0.3416943213368222,0.7207519884309472,0.7039662880797902,0.003815195224977641,0.8465880437352379,0.30743268127129464,31.0,183.0
"Hurdle GPD (island, no log)",hurdle,gpd,island,25,1.5638623447416942,0.8685558519932765,14.911359577712542,0.9222061795563345,0.05145566003643781,388.2827424056004,279.0413126268143,5461.278247514946,0.4005838140227623,0.7213304410701373,0.7076862202043644,0.005955494997173849,0.8426628173824158,0.3184426345003184,28.0,213.0
"Hurdle GPD (island_basin, log(max_wind_speed) & log(sdi))",hurdle,gpd,island_basin,25,22.791165146261985,71.1065621219238,1147.4941397021382,0.9507148630167516,0.008107390985542433,13109.387598326364,36914.47025513429,601095.9893896304,0.13474689081196273,0.716413593637021,-3.260075480588921,-75.49605913861527,-4.312093187000263,-74.0156612377769,530.0,571.0
"Hurdle GPD (island_basin, log(max_wind_speed))",hurdle,gpd,island_basin,25,134.4311481568666,429.6221082852139,6986.950934205218,0.945656537257603,-0.003354280616105011,70283.78357907983,220009.64650475598,3585268.7442401517,0.018656554624820746,0.7265365148228489,-24.127580552168972,-464.7751123681574,-27.479896952218876,-446.43486949132637,576.0,576.0
"Hurdle GPD (island_basin, log(sdi))",hurdle,gpd,island_basin,25,30.092026191558823,65.93121165962378,1086.8598314194962,0.9533207938193763,0.021261375409632886,19080.82168782203,37105.815800238626,609344.6296554328,0.2726188844552503,0.7158351409978309,-4.624736695873782,-71.4539595132333,-6.731795412257585,-75.04507619774034,557.0,574.0
"Hurdle GPD (island_basin, no log)",hurdle,gpd,island_basin,25,38.75740018047092,84.06076975768072,1418.0238985011404,0.9528202662202591,0.024737512174063107,25461.203617697243,51894.369364122766,908159.4341570237,0.26777919612134204,0.7190166305133767,-6.244449730437614,-93.53053941336036,-9.317208584759767,-112.33660790482342,567.0,575.0
"Hurdle GPD (island_year, log(max_wind_speed) & log(sdi))",hurdle,gpd,island_year,25,1.5508272444746543,0.8626579571999758,14.9498755815277,0.9338093269823775,0.059458545809698324,329.52009043030773,277.8820594073555,5183.538475876291,0.5127196991460705,0.720173535791757,0.7101227130593049,0.0033878805722390437,0.8664742029919061,0.35310404131266315,15.0,84.0
"Hurdle GPD (island_year, log(max_wind_speed))",hurdle,gpd,island_year,25,1.4412740919267908,0.8424723056743711,14.696376913670973,0.9236582539540222,0.10837402222062398,289.36272737870314,269.3889597149988,4879.549804828305,0.4899508425530718,0.7232104121475055,0.730600152277322,0.02028700747580814,0.8827464852075574,0.3910412619396273,1.0,25.0
"Hurdle GPD (island_year, log(sdi))",hurdle,gpd,island_year,25,1.5823481050036607,0.8631682972292686,14.89385604793514,0.9315110508474167,0.061969297158889915,360.9459799988011,270.2181797883301,5212.56836695253,0.5091881592633943,0.7191612436731742,0.7042309017278114,0.007122342829036565,0.8537400266148549,0.3494811649115812,30.0,161.0
"Hurdle GPD (island_year, no log)",hurdle,gpd,island_year,25,1.545685969102793,0.8538501600143988,14.874003382153477,0.926673761951587,0.06825602760798857,373.5293002278677,293.1011047720673,5409.753462598171,0.44768013169583726,0.7197396963123645,0.7110837091738109,0.008445792459975454,0.8486411027210187,0.3248728318047305,10.0,174.0
"Hurdle GPD (island_basin_year, log(max_wind_speed) & log(sdi))",hurdle,gpd,island_basin_year,25,2.4437916166867812,2.391490282715415,36.558797575863125,0.9273681971635542,0.11914381219458281,1386.0696593441944,3065.8359706169654,42868.2559795952,0.5937893664232519,0.7187274041937817,0.5432117366924702,-1.4371400642846166,0.43834667036238406,-4.349878597069031,306.0,544.0
"Hurdle GPD (island_basin_year, log(max_wind_speed))",hurdle,gpd,island_basin_year,25,27.037751586349184,129.0371561420857,2039.3004400687782,0.9295895717003758,-0.002775487517629835,13907.302519071554,66141.67143363976,1046706.3960690787,0.0060672433835198495,0.7180043383947939,-4.053838267770688,-134.94705338137834,-4.635418619443615,-129.62701100811384,548.0,572.0
"Hurdle GPD (island_basin_year, log(sdi))",hurdle,gpd,island_basin_year,25,7.557698337333636,15.133729547457392,273.13313088403004,0.9283357086471661,0.0947472412725927,7234.65852635797,18628.308259734382,340466.2091729115,0.4359252927107797,0.7168474331164136,-0.4126686885002566,-17.208030359303955,-1.9315770839704158,-41.489549524626746,439.0,564.0
"Hurdle GPD (island_basin_year, no log)",hurdle,gpd,island_basin_year,25,6.262140831585407,16.7628777211475,277.24172145583924,0.9346974332274838,0.009910251952930894,3589.559433583302,9278.596483340034,147036.840770094,0.14752762499780106,0.718293564714389,-0.17050587108781823,-17.48192368606121,-0.4545358483339639,-17.349924190781156,438.0,550.0
"Single GLM (base, log(max_wind_speed) & log(sdi))",single,glm,base,25,1.7506172520243364,0.798451390357147,14.743932835519226,2.630716487013861,-0.06065155428095307,453.46057928017166,233.87971884951585,5319.682280308201,-0.009502879522825799,0.41720896601590746,0.6727783953393892,0.01711675981681826,0.8162519159876759,0.33611354779222424,160.5,396.5
"Single GLM (base, log(max_wind_speed))",single,glm,base,25,1.7506172520243364,0.798451390357147,14.743932835519226,2.630716487013861,-0.06065155428095307,453.46057928017166,233.87971884951585,5319.682280308201,-0.009502879522825799,0.41720896601590746,0.6727783953393892,0.01711675981681826,0.8162519159876759,0.33611354779222424,160.5,396.5
"Single GLM (base, log(sdi))",single,glm,base,25,1.7506172520243364,0.798451390357147,14.743932835519226,2.630716487013861,-0.06065155428095307,453.46057928017166,233.87971884951585,5319.682280308201,-0.009502879522825799,0.41720896601590746,0.6727783953393892,0.01711675981681826,0.8162519159876759,0.33611354779222424,160.5,396.5
"Single GLM (base, no log)",single,glm,base,25,1.7506172520243364,0.798451390357147,14.743932835519226,2.630716487013861,-0.06065155428095307,453.46057928017166,233.87971884951585,5319.682280308201,-0.009502879522825799,0.41720896601590746,0.6727783953393892,0.01711675981681826,0.8162519159876759,0.33611354779222424,160.5,396.5
"Single GLM (basin, log(max_wind_speed) & log(sdi))",single,glm,basin,25,1.7506172520243364,0.798451390357147,14.743932835519226,2.630716487013861,-0.06065155428095307,453.46057928017166,233.87971884951585,5319.682280308201,-0.009502879522825799,0.41720896601590746,0.6727783953393892,0.01711675981681826,0.8162519159876759,0.33611354779222424,160.5,396.5
"Single GLM (basin, log(max_wind_speed))",single,glm,basin,25,1.7506172520243364,0.798451390357147,14.743932835519226,2.630716487013861,-0.06065155428095307,453.46057928017166,233.87971884951585,5319.682280308201,-0.009502879522825799,0.41720896601590746,0.6727783953393892,0.01711675981681826,0.8162519159876759,0.33611354779222424,160.5,396.5
"Single GLM (basin, log(sdi))",single,glm,basin,25,1.7506172520243364,0.798451390357147,14.743932835519226,2.630716487013861,-0.06065155428095307,453.46057928017166,233.87971884951585,5319.682280308201,-0.009502879522825799,0.41720896601590746,0.6727783953393892,0.01711675981681826,0.8162519159876759,0.33611354779222424,160.5,396.5
"Single GLM (basin, no log)",single,glm,basin,25,1.7506172520243364,0.798451390357147,14.743932835519226,2.630716487013861,-0.06065155428095307,453.46057928017166,233.87971884951585,5319.682280308201,-0.009502879522825799,0.41720896601590746,0.6727783953393892,0.01711675981681826,0.8162519159876759,0.33611354779222424,160.5,396.5
"Single GLM (year, log(max_wind_speed) & log(sdi))",single,glm,year,25,1.7506172520243364,0.798451390357147,14.743932835519226,2.630716487013861,-0.06065155428095307,453.46057928017166,233.87971884951585,5319.682280308201,-0.009502879522825799,0.41720896601590746,0.6727783953393892,0.01711675981681826,0.8162519159876759,0.33611354779222424,160.5,396.5
"Single GLM (year, log(max_wind_speed))",single,glm,year,25,1.7506172520243364,0.798451390357147,14.743932835519226,2.630716487013861,-0.06065155428095307,453.46057928017166,233.87971884951585,5319.682280308201,-0.009502879522825799,0.41720896601590746,0.6727783953393892,0.01711675981681826,0.8162519159876759,0.33611354779222424,160.5,396.5
"Single GLM (year, log(sdi))",single,glm,year,25,1.7506172520243364,0.798451390357147,14.743932835519226,2.630716487013861,-0.06065155428095307,453.46057928017166,233.87971884951585,5319.682280308201,-0.009502879522825799,0.41720896601590746,0.6727783953393892,0.01711675981681826,0.8162519159876759,0.33611354779222424,160.5,396.5
"Single GLM (year, no log)",single,glm,year,25,1.7506172520243364,0.798451390357147,14.743932835519226,2.630716487013861,-0.06065155428095307,453.46057928017166,233.87971884951585,5319.682280308201,-0.009502879522825799,0.41720896601590746,0.6727783953393892,0.01711675981681826,0.8162519159876759,0.33611354779222424,160.5,396.5
"Single GLM (basin_year, log(max_wind_speed) & log(sdi))",single,glm,basin_year,25,1.7506172520243364,0.798451390357147,14.743932835519226,2.630716487013861,-0.06065155428095307,453.46057928017166,233.87971884951585,5319.682280308201,-0.009502879522825799,0.41720896601590746,0.6727783953393892,0.01711675981681826,0.8162519159876759,0.33611354779222424,160.5,396.5
"Single GLM (basin_year, log(max_wind_speed))",single,glm,basin_year,25,1.7506172520243364,0.798451390357147,14.743932835519226,2.630716487013861,-0.06065155428095307,453.46057928017166,233.87971884951585,5319.682280308201,-0.009502879522825799,0.41720896601590746,0.6727783953393892,0.01711675981681826,0.8162519159876759,0.33611354779222424,160.5,396.5
"Single GLM (basin_year, log(sdi))",single,glm,basin_year,25,1.7506172520243364,0.798451390357147,14.743932835519226,2.630716487013861,-0.06065155428095307,453.46057928017166,233.87971884951585,5319.682280308201,-0.009502879522825799,0.41720896601590746,0.6727783953393892,0.01711675981681826,0.8162519159876759,0.33611354779222424,160.5,396.5
"Single GLM (basin_year, no log)",single,glm,basin_year,25,1.7506172520243364,0.798451390357147,14.743932835519226,2.630716487013861,-0.06065155428095307,453.46057928017166,233.87971884951585,5319.682280308201,-0.009502879522825799,0.41720896601590746,0.6727783953393892,0.01711675981681826,0.8162519159876759,0.33611354779222424,160.5,396.5
"Single GLM (island, log(max_wind_speed) & log(sdi))",single,glm,island,25,1.7506172520243364,0.798451390357147,14.743932835519226,2.630716487013861,-0.06065155428095307,453.46057928017166,233.87971884951585,5319.682280308201,-0.009502879522825799,0.41720896601590746,0.6727783953393892,0.01711675981681826,0.8162519159876759,0.33611354779222424,160.5,396.5
"Single GLM (island, log(max_wind_speed))",single,glm,island,25,1.7506172520243364,0.798451390357147,14.743932835519226,2.630716487013861,-0.06065155428095307,453.46057928017166,233.87971884951585,5319.682280308201,-0.009502879522825799,0.41720896601590746,0.6727783953393892,0.01711675981681826,0.8162519159876759,0.33611354779222424,160.5,396.5
"Single GLM (island, log(sdi))",single,glm,island,25,1.7506172520243364,0.798451390357147,14.743932835519226,2.630716487013861,-0.06065155428095307,453.46057928017166,233.87971884951585,5319.682280308201,-0.009502879522825799,0.41720896601590746,0.6727783953393892,0.01711675981681826,0.8162519159876759,0.33611354779222424,160.5,396.5
"Single GLM (island, no log)",single,glm,island,25,1.7506172520243364,0.798451390357147,14.743932835519226,2.630716487013861,-0.06065155428095307,453.46057928017166,233.87971884951585,5319.682280308201,-0.009502879522825799,0.41720896601590746,0.6727783953393892,0.01711675981681826,0.8162519159876759,0.33611354779222424,160.5,396.5
"Single GLM (island_basin, log(max_wind_speed) & log(sdi))",single,glm,island_basin,25,1.7506172520243364,0.798451390357147,14.743932835519226,2.630716487013861,-0.06065155428095307,453.46057928017166,233.87971884951585,5319.682280308201,-0.009502879522825799,0.41720896601590746,0.6727783953393892,0.01711675981681826,0.8162519159876759,0.33611354779222424,160.5,396.5
"Single GLM (island_basin, log(max_wind_speed))",single,glm,island_basin,25,1.7506172520243364,0.798451390357147,14.743932835519226,2.630716487013861,-0.06065155428095307,453.46057928017166,233.87971884951585,5319.682280308201,-0.009502879522825799,0.41720896601590746,0.6727783953393892,0.01711675981681826,0.8162519159876759,0.33611354779222424,160.5,396.5
"Single GLM (island_basin, log(sdi))",single,glm,island_basin,25,1.7506172520243364,0.798451390357147,14.743932835519226,2.630716487013861,-0.06065155428095307,453.46057928017166,233.87971884951585,5319.682280308201,-0.009502879522825799,0.41720896601590746,0.6727783953393892,0.01711675981681826,0.8162519159876759,0.33611354779222424,160.5,396.5
"Single GLM (island_basin, no log)",single,glm,island_basin,25,1.7506172520243364,0.798451390357147,14.743932835519226,2.630716487013861,-0.06065155428095307,453.46057928017166,233.87971884951585,5319.682280308201,-0.009502879522825799,0.41720896601590746,0.6727783953393892,0.01711675981681826,0.8162519159876759,0.33611354779222424,160.5,396.5
"Single GLM (island_year, log(max_wind_speed) & log(sdi))",single,glm,island_year,25,1.7506172520243364,0.798451390357147,14.743932835519226,2.630716487013861,-0.06065155428095307,453.46057928017166,233.87971884951585,5319.682280308201,-0.009502879522825799,0.41720896601590746,0.6727783953393892,0.01711675981681826,0.8162519159876759,0.33611354779222424,160.5,396.5
"Single GLM (island_year, log(max_wind_speed))",single,glm,island_year,25,1.7506172520243364,0.798451390357147,14.743932835519226,2.630716487013861,-0.06065155428095307,453.46057928017166,233.87971884951585,5319.682280308201,-0.009502879522825799,0.41720896601590746,0.6727783953393892,0.01711675981681826,0.8162519159876759,0.33611354779222424,160.5,396.5
"Single GLM (island_year, log(sdi))",single,glm,island_year,25,1.7506172520243364,0.798451390357147,14.743932835519226,2.630716487013861,-0.06065155428095307,453.46057928017166,233.87971884951585,5319.682280308201,-0.009502879522825799,0.41720896601590746,0.6727783953393892,0.01711675981681826,0.8162519159876759,0.33611354779222424,160.5,396.5
"Single GLM (island_year, no log)",single,glm,island_year,25,1.7506172520243364,0.798451390357147,14.743932835519226,2.630716487013861,-0.06065155428095307,453.46057928017166,233.87971884951585,5319.682280308201,-0.009502879522825799,0.41720896601590746,0.6727783953393892,0.01711675981681826,0.8162519159876759,0.33611354779222424,160.5,396.5
"Single GLM (island_basin_year, log(max_wind_speed) & log(sdi))",single,glm,island_basin_year,25,1.7506172520243364,0.798451390357147,14.743932835519226,2.630716487013861,-0.06065155428095307,453.46057928017166,233.87971884951585,5319.682280308201,-0.009502879522825799,0.41720896601590746,0.6727783953393892,0.01711675981681826,0.8162519159876759,0.33611354779222424,160.5,396.5
"Single GLM (island_basin_year, log(max_wind_speed))",single,glm,island_basin_year,25,1.7506172520243364,0.798451390357147,14.743932835519226,2.630716487013861,-0.06065155428095307,453.46057928017166,233.87971884951585,5319.682280308201,-0.009502879522825799,0.41720896601590746,0.6727783953393892,0.01711675981681826,0.8162519159876759,0.33611354779222424,160.5,396.5
"Single GLM (island_basin_year, log(sdi))",single,glm,island_basin_year,25,1.7506172520243364,0.798451390357147,14.743932835519226,2.630716487013861,-0.06065155428095307,453.46057928017166,233.87971884951585,5319.682280308201,-0.009502879522825799,0.41720896601590746,0.6727783953393892,0.01711675981681826,0.8162519159876759,0.33611354779222424,160.5,396.5
"Single GLM (island_basin_year, no log)",single,glm,island_basin_year,25,1.7506172520243364,0.798451390357147,14.743932835519226,2.630716487013861,-0.06065155428095307,453.46057928017166,233.87971884951585,5319.682280308201,-0.009502879522825799,0.41720896601590746,0.6727783953393892,0.01711675981681826,0.8162519159876759,0.33611354779222424,160.5,396.5
"Single GLM_INT (base, log(max_wind_speed) & log(sdi))",single,glm_int,base,25,1.7506172520243364,0.798451390357147,14.743932835519226,2.630716487013861,-0.06065155428095307,453.46057928017166,233.87971884951585,5319.682280308201,-0.009502879522825799,0.41720896601590746,0.6727783953393892,0.01711675981681826,0.8162519159876759,0.33611354779222424,160.5,396.5
"Single GLM_INT (base, log(max_wind_speed))",single,glm_int,base,25,1.7506172520243364,0.798451390357147,14.743932835519226,2.630716487013861,-0.06065155428095307,453.46057928017166,233.87971884951585,5319.682280308201,-0.009502879522825799,0.41720896601590746,0.6727783953393892,0.01711675981681826,0.8162519159876759,0.33611354779222424,160.5,396.5
"Single GLM_INT (base, log(sdi))",single,glm_int,base,25,1.96886373559467,0.7713883422152575,14.747795477024477,2.8840837897750653,-0.0538508685338912,593.1689237327429,180.83554697721848,5385.299400286659,-0.009688882935208497,0.4065075921908894,0.6319842328902079,0.016859262333568714,0.7596402902220042,0.3279246532885348,226.0,493.0
"Single GLM_INT (base, no log)",single,glm_int,base,25,1.7506172520243364,0.798451390357147,14.743932835519226,2.630716487013861,-0.06065155428095307,453.46057928017166,233.87971884951585,5319.682280308201,-0.009502879522825799,0.41720896601590746,0.6727783953393892,0.01711675981681826,0.8162519159876759,0.33611354779222424,160.5,396.5
"Single GLM_INT (basin, log(max_wind_speed) & log(sdi))",single,glm_int,basin,25,1.7506172520243364,0.798451390357147,14.743932835519226,2.630716487013861,-0.06065155428095307,453.46057928017166,233.87971884951585,5319.682280308201,-0.009502879522825799,0.41720896601590746,0.6727783953393892,0.01711675981681826,0.8162519159876759,0.33611354779222424,160.5,396.5
"Single GLM_INT (basin, log(max_wind_speed))",single,glm_int,basin,25,1.7506172520243364,0.798451390357147,14.743932835519226,2.630716487013861,-0.06065155428095307,453.46057928017166,233.87971884951585,5319.682280308201,-0.009502879522825799,0.41720896601590746,0.6727783953393892,0.01711675981681826,0.8162519159876759,0.33611354779222424,160.5,396.5
"Single GLM_INT (basin, log(sdi))",single,glm_int,basin,25,1.9690173861702378,0.7713618532584524,14.747824571237082,2.8841806708734294,-0.053831401165211054,593.2535286489631,180.797636689354,5385.388476948104,-0.009684035450588806,0.4065075921908894,0.6319555128556965,0.016857322809408104,0.7596060072171217,0.3279135366868986,228.0,495.0
"Single GLM_INT (basin, no log)",single,glm_int,basin,25,1.7506172520243364,0.798451390357147,14.743932835519226,2.630716487013861,-0.06065155428095307,453.46057928017166,233.87971884951585,5319.682280308201,-0.009502879522825799,0.41720896601590746,0.6727783953393892,0.01711675981681826,0.8162519159876759,0.33611354779222424,160.5,396.5
"Single GLM_INT (year, log(max_wind_speed) & log(sdi))",single,glm_int,year,25,1.7506172520243364,0.798451390357147,14.743932835519226,2.630716487013861,-0.06065155428095307,453.46057928017166,233.87971884951585,5319.682280308201,-0.009502879522825799,0.41720896601590746,0.6727783953393892,0.01711675981681826,0.8162519159876759,0.33611354779222424,160.5,396.5
"Single GLM_INT (year, log(max_wind_speed))",single,glm_int,year,25,1.7506172520243364,0.798451390357147,14.743932835519226,2.630716487013861,-0.06065155428095307,453.46057928017166,233.87971884951585,5319.682280308201,-0.009502879522825799,0.41720896601590746,0.6727783953393892,0.01711675981681826,0.8162519159876759,0.33611354779222424,160.5,396.5
"Single GLM_INT (year, log(sdi))",single,glm_int,year,25,1.8036643214717172,0.805089866898002,14.954514891893485,2.1795277914431486,-0.033056509654957024,456.9019585797116,225.48497638957622,5392.939950980925,-0.0025301679808948574,0.48705712219812003,0.6628629514197988,0.003078607567850833,0.8148574246436787,0.3269711267758507,201.0,443.0
"Single GLM_INT (year, no log)",single,glm_int,year,25,1.7506172520243364,0.798451390357147,14.743932835519226,2.630716487013861,-0.06065155428095307,453.46057928017166,233.87971884951585,5319.682280308201,-0.009502879522825799,0.41720896601590746,0.6727783953393892,0.01711675981681826,0.8162519159876759,0.33611354779222424,160.5,396.5
"Single GLM_INT (basin_year, log(max_wind_speed) & log(sdi))",single,glm_int,basin_year,25,1.7506172520243364,0.798451390357147,14.743932835519226,2.630716487013861,-0.06065155428095307,453.46057928017166,233.87971884951585,5319.682280308201,-0.009502879522825799,0.41720896601590746,0.6727783953393892,0.01711675981681826,0.8162519159876759,0.33611354779222424,160.5,396.5
"Single GLM_INT (basin_year, log(max_wind_speed))",single,glm_int,basin_year,25,1.7506172520243364,0.798451390357147,14.743932835519226,2.630716487013861,-0.06065155428095307,453.46057928017166,233.87971884951585,5319.682280308201,-0.009502879522825799,0.41720896601590746,0.6727783953393892,0.01711675981681826,0.8162519159876759,0.33611354779222424,160.5,396.5
"Single GLM_INT (basin_year, log(sdi))",single,glm_int,basin_year,25,1.8037578840596231,0.8050899154304254,14.954895412319585,2.179196715492666,-0.03304781234126218,456.90309832913806,225.49356021091944,5393.070490572749,-0.002525197638637037,0.48705712219812003,0.6628454629024685,0.0030532407167173092,0.8148569628024891,0.32695483567763794,203.0,444.0
"Single GLM_INT (basin_year, no log)",single,glm_int,basin_year,25,1.7506172520243364,0.798451390357147,14.743932835519226,2.630716487013861,-0.06065155428095307,453.46057928017166,233.87971884951585,5319.682280308201,-0.009502879522825799,0.41720896601590746,0.6727783953393892,0.01711675981681826,0.8162519159876759,0.33611354779222424,160.5,396.5
"Single GLM_INT (island, log(max_wind_speed) & log(sdi))",single,glm_int,island,25,1.7506172520243364,0.798451390357147,14.743932835519226,2.630716487013861,-0.06065155428095307,453.46057928017166,233.87971884951585,5319.682280308201,-0.009502879522825799,0.41720896601590746,0.6727783953393892,0.01711675981681826,0.8162519159876759,0.33611354779222424,160.5,396.5
"Single GLM_INT (island, log(max_wind_speed))",single,glm_int,island,25,1.7506172520243364,0.798451390357147,14.743932835519226,2.630716487013861,-0.06065155428095307,453.46057928017166,233.87971884951585,5319.682280308201,-0.009502879522825799,0.41720896601590746,0.6727783953393892,0.01711675981681826,0.8162519159876759,0.33611354779222424,160.5,396.5
"Single GLM_INT (island, log(sdi))",single,glm_int,island,25,1.968891911873366,0.7713715845120264,14.747816442582055,2.8840934181640705,-0.05387215204834657,593.1934728427944,180.82438618957013,5385.314590487432,-0.009686938340659333,0.4065075921908894,0.6319789662409059,0.016857864694594382,0.7596303426055138,0.3279227575797371,227.0,494.0
"Single GLM_INT (island, no log)",single,glm_int,island,25,1.7506172520243364,0.798451390357147,14.743932835519226,2.630716487013861,-0.06065155428095307,453.46057928017166,233.87971884951585,5319.682280308201,-0.009502879522825799,0.41720896601590746,0.6727783953393892,0.01711675981681826,0.8162519159876759,0.33611354779222424,160.5,396.5
"Single GLM_INT (island_basin, log(max_wind_speed) & log(sdi))",single,glm_int,island_basin,25,1.7506172520243364,0.798451390357147,14.743932835519226,2.630716487013861,-0.06065155428095307,453.46057928017166,233.87971884951585,5319.682280308201,-0.009502879522825799,0.41720896601590746,0.6727783953393892,0.01711675981681826,0.8162519159876759,0.33611354779222424,160.5,396.5
"Single GLM_INT (island_basin, log(max_wind_speed))",single,glm_int,island_basin,25,1.7506172520243364,0.798451390357147,14.743932835519226,2.630716487013861,-0.06065155428095307,453.46057928017166,233.87971884951585,5319.682280308201,-0.009502879522825799,0.41720896601590746,0.6727783953393892,0.01711675981681826,0.8162519159876759,0.33611354779222424,160.5,396.5
"Single GLM_INT (island_basin, log(sdi))",single,glm_int,island_basin,25,1.9690455620484597,0.7713449895742129,14.747845528724037,2.8841902939878894,-0.05385275962965387,593.278074807493,180.7864495323017,5385.403656653002,-0.00968208832711616,0.4066522053506869,0.6319502462812503,0.016855925708450403,0.759596060796626,0.32791164228796654,229.0,496.0
"Single GLM_INT (island_basin, no log)",single,glm_int,island_basin,25,1.7506172520243364,0.798451390357147,14.743932835519226,2.630716487013861,-0.06065155428095307,453.46057928017166,233.87971884951585,5319.682280308201,-0.009502879522825799,0.41720896601590746,0.6727783953393892,0.01711675981681826,0.8162519159876759,0.33611354779222424,160.5,396.5
"Single GLM_INT (island_year, log(max_wind_speed) & log(sdi))",single,glm_int,island_year,25,1.7506172520243364,0.798451390357147,14.743932835519226,2.630716487013861,-0.06065155428095307,453.46057928017166,233.87971884951585,5319.682280308201,-0.009502879522825799,0.41720896601590746,0.6727783953393892,0.01711675981681826,0.8162519159876759,0.33611354779222424,160.5,396.5
"Single GLM_INT (island_year, log(max_wind_speed))",single,glm_int,island_year,25,1.7506172520243364,0.798451390357147,14.743932835519226,2.630716487013861,-0.06065155428095307,453.46057928017166,233.87971884951585,5319.682280308201,-0.009502879522825799,0.41720896601590746,0.6727783953393892,0.01711675981681826,0.8162519159876759,0.33611354779222424,160.5,396.5
"Single GLM_INT (island_year, log(sdi))",single,glm_int,island_year,25,1.8037062100436483,0.8050836750764245,14.95473542405156,2.179424094811315,-0.0330499349265882,456.8947843403747,225.48674998816472,5392.937224931422,-0.0025248652973514944,0.48705712219812003,0.6628551216981915,0.003063906106272607,0.8148603317381267,0.3269714669817573,202.0,441.0
"Single GLM_INT (island_year, no log)",single,glm_int,island_year,25,1.7506172520243364,0.798451390357147,14.743932835519226,2.630716487013861,-0.06065155428095307,453.46057928017166,233.87971884951585,5319.682280308201,-0.009502879522825799,0.41720896601590746,0.6727783953393892,0.01711675981681826,0.8162519159876759,0.33611354779222424,160.5,396.5
"Single GLM_INT (island_basin_year, log(max_wind_speed) & log(sdi))",single,glm_int,island_basin_year,25,1.7506172520243364,0.798451390357147,14.743932835519226,2.630716487013861,-0.06065155428095307,453.46057928017166,233.87971884951585,5319.682280308201,-0.009502879522825799,0.41720896601590746,0.6727783953393892,0.01711675981681826,0.8162519159876759,0.33611354779222424,160.5,396.5
"Single GLM_INT (island_basin_year, log(max_wind_speed))",single,glm_int,island_basin_year,25,1.7506172520243364,0.798451390357147,14.743932835519226,2.630716487013861,-0.06065155428095307,453.46057928017166,233.87971884951585,5319.682280308201,-0.009502879522825799,0.41720896601590746,0.6727783953393892,0.01711675981681826,0.8162519159876759,0.33611354779222424,160.5,396.5
"Single GLM_INT (island_basin_year, log(sdi))",single,glm_int,island_basin_year,25,1.803799995114653,0.8050839059014506,14.955117014604195,2.17909228116113,-0.03304123646624701,456.8959713252796,225.49532567252675,5393.068110906529,-0.002519896402154185,0.48705712219812003,0.6628375915947997,0.0030384679166809425,0.8148598507565111,0.3269551326555552,204.0,442.0
"Single GLM_INT (island_basin_year, no log)",single,glm_int,island_basin_year,25,1.7506172520243364,0.798451390357147,14.743932835519226,2.630716487013861,-0.06065155428095307,453.46057928017166,233.87971884951585,5319.682280308201,-0.009502879522825799,0.41720896601590746,0.6727783953393892,0.01711675981681826,0.8162519159876759,0.33611354779222424,160.5,396.5
"Single GLM_ISLAND (island, log(max_wind_speed) & log(sdi))",single,glm_island,island,25,1.7506172520243364,0.798451390357147,14.743932835519226,2.630716487013861,-0.06065155428095307,453.46057928017166,233.87971884951585,5319.682280308201,-0.009502879522825799,0.41720896601590746,0.6727783953393892,0.01711675981681826,0.8162519159876759,0.33611354779222424,160.5,396.5
"Single GLM_ISLAND (island, log(max_wind_speed))",single,glm_island,island,25,1.7506172520243364,0.798451390357147,14.743932835519226,2.630716487013861,-0.06065155428095307,453.46057928017166,233.87971884951585,5319.682280308201,-0.009502879522825799,0.41720896601590746,0.6727783953393892,0.01711675981681826,0.8162519159876759,0.33611354779222424,160.5,396.5
"Single GLM_ISLAND (island, log(sdi))",single,glm_island,island,25,1.7718613310493085,0.8156002291922946,14.753674384135483,2.4128221320835728,-0.03761951824002992,481.3194939536192,223.35899301577783,5358.640739931534,-0.00031666590481977243,0.4653651482284888,0.6688074978630563,0.01646735338129235,0.8049631239122218,0.33125160450689783,196.0,468.0
"Single GLM_ISLAND (island, no log)",single,glm_island,island,25,1.7717564360658704,0.8156522313858776,14.753693429801267,2.412295819349733,-0.03763215635155232,481.2552515259067,223.3919230913959,5358.624329481859,-0.0003022120008345321,0.4653651482284888,0.6688271046073414,0.01646608372916447,0.8049891557737415,0.33125365250048844,195.0,467.0
"Single GLM_ISLAND (island_basin, log(max_wind_speed) & log(sdi))",single,glm_island,island_basin,25,1.7506172520243364,0.798451390357147,14.743932835519226,2.630716487013861,-0.06065155428095307,453.46057928017166,233.87971884951585,5319.682280308201,-0.009502879522825799,0.41720896601590746,0.6727783953393892,0.01711675981681826,0.8162519159876759,0.33611354779222424,160.5,396.5
"Single GLM_ISLAND (island_basin, log(max_wind_speed))",single,glm_island,island_basin,25,1.7506172520243364,0.798451390357147,14.743932835519226,2.630716487013861,-0.06065155428095307,453.46057928017166,233.87971884951585,5319.682280308201,-0.009502879522825799,0.41720896601590746,0.6727783953393892,0.01711675981681826,0.8162519159876759,0.33611354779222424,160.5,396.5
"Single GLM_ISLAND (island_basin, log(sdi))",single,glm_island,island_basin,25,1.7717488676358535,0.8156118988614883,14.75368017581921,2.411941270896285,-0.037569097886961736,481.2156834948633,223.3731221709106,5358.908495013446,-0.0002934574028831532,0.4653651482284888,0.6688285192819723,0.016466967286962397,0.8050051892510152,0.3312181891707886,194.0,466.0
"Single GLM_ISLAND (island_basin, no log)",single,glm_island,island_basin,25,1.7716431516061995,0.815664589564241,14.753699242104515,2.4114132937085473,-0.037581603760635324,481.1506514647748,223.4066763723567,5358.891985459747,-0.00027896679908524585,0.4655097613882863,0.668848279494447,0.016465696260263618,0.8050315410696168,0.33122024953237694,193.0,465.0
"Single GLM_ISLAND (island_year, log(max_wind_speed) & log(sdi))",single,glm_island,island_year,25,1.7506172520243364,0.798451390357147,14.743932835519226,2.630716487013861,-0.06065155428095307,453.46057928017166,233.87971884951585,5319.682280308201,-0.009502879522825799,0.41720896601590746,0.6727783953393892,0.01711675981681826,0.8162519159876759,0.33611354779222424,160.5,396.5
"Single GLM_ISLAND (island_year, log(max_wind_speed))",single,glm_island,island_year,25,1.7506172520243364,0.798451390357147,14.743932835519226,2.630716487013861,-0.06065155428095307,453.46057928017166,233.87971884951585,5319.682280308201,-0.009502879522825799,0.41720896601590746,0.6727783953393892,0.01711675981681826,0.8162519159876759,0.33611354779222424,160.5,396.5
"Single GLM_ISLAND (island_year, log(sdi))",single,glm_island,island_year,25,1.6963260749282392,0.818513531763414,14.792283491116292,2.1840679224191586,-0.014807028433915074,436.88170734396607,246.60878508489375,5385.666313628196,0.02569034454799198,0.4911062906724512,0.6829263851799756,0.01389353236669455,0.8229698890432373,0.3278788631860916,123.0,343.0
"Single GLM_ISLAND (island_year, no log)",single,glm_island,island_year,25,1.6964130459507138,0.8185976051270847,14.792262688894938,2.1841342362258698,-0.01483373799772535,436.96033116155337,246.562446409999,5385.643969639382,0.02565143180391297,0.4908170643528561,0.6829101287438528,0.013894919117092508,0.8229380296567779,0.32788165167432837,125.0,345.0
"Single GLM_ISLAND (island_basin_year, log(max_wind_speed) & log(sdi))",single,glm_island,island_basin_year,25,1.7506172520243364,0.798451390357147,14.743932835519226,2.630716487013861,-0.06065155428095307,453.46057928017166,233.87971884951585,5319.682280308201,-0.009502879522825799,0.41720896601590746,0.6727783953393892,0.01711675981681826,0.8162519159876759,0.33611354779222424,160.5,396.5
"Single GLM_ISLAND (island_basin_year, log(max_wind_speed))",single,glm_island,island_basin_year,25,1.7506172520243364,0.798451390357147,14.743932835519226,2.630716487013861,-0.06065155428095307,453.46057928017166,233.87971884951585,5319.682280308201,-0.009502879522825799,0.41720896601590746,0.6727783953393892,0.01711675981681826,0.8162519159876759,0.33611354779222424,160.5,396.5
"Single GLM_ISLAND (island_basin_year, log(sdi))",single,glm_island,island_basin_year,25,1.6960096906159359,0.8181953219713034,14.792687791130147,2.1829376624130465,-0.014691384845697953,436.5205433993832,246.83325191958693,5386.604674539829,0.02576168810775197,0.49154013015184383,0.6829855230539121,0.013866580283281249,0.8231162373386873,0.3277617574899825,122.0,340.0
"Single GLM_ISLAND (island_basin_year, no log)",single,glm_island,island_basin_year,25,1.6964080149866654,0.8185788905250116,14.79267313488784,2.1834346644101474,-0.0147365708204081,436.910005889533,246.60484906592288,5386.727187600113,0.025696596174408205,0.49139551699204626,0.6829110691208125,0.013867557320757395,0.8229584221070452,0.3277464680879739,124.0,344.0
"Single GLM_SM (base, log(max_wind_speed) & log(sdi))",single,glm_sm,base,25,2.5248971821474306,1.3381104961671653,15.587204225222786,2.3604985213694674,0.05659467696466216,453.38499271016855,220.72448141685052,5342.654717684039,0.02368876083295547,0.46059291395516994,0.5280516591562464,-0.03909872387481106,0.8162825446421824,0.333246630344078,316.0,364.0
"Single GLM_SM (base, log(max_wind_speed))",single,glm_sm,base,25,2.3235279308674146,1.2626029623890411,15.416401719712674,2.1786219919660867,0.07024960758488367,449.47103170637183,226.47494666619622,5364.01127452842,0.035174489869756076,0.49587852494577006,0.5656911657114101,-0.0277124186114861,0.8178685321970174,0.33058137178018343,285.0,358.0
"Single GLM_SM (base, log(sdi))",single,glm_sm,base,25,2.541408797697407,1.3300045661797089,15.542541861841423,2.41460224153584,0.08079758013859568,452.4984645761846,221.34521297538362,5347.028882072374,0.026659298435247687,0.4399132321041215,0.5249653435555321,-0.0361213711613777,0.8166417772932348,0.3327007427658114,319.0,362.0
"Single GLM_SM (base, no log)",single,glm_sm,base,25,2.3448597150663755,1.2570836768293738,15.380648738896209,2.234357213025619,0.09383224288192973,447.41109998058096,227.0474026677882,5368.512733436465,0.03867461331399447,0.4754880694143167,0.5617038745729352,-0.025328997171418344,0.818703243140163,0.330019598082667,295.0,357.0
"Single GLM_SM (basin, log(max_wind_speed) & log(sdi))",single,glm_sm,basin,25,2.603298630808263,1.2522294585371714,16.832558379251378,1.6258795857939874,-0.0018861814795573624,373.9142862676137,256.54431636497446,5170.430974328675,0.21601233510068757,0.5297180043383948,0.5133970293056334,-0.12211848120430813,0.8484851014049017,0.35473983312150226,328.0,175.0
"Single GLM_SM (basin, log(max_wind_speed))",single,glm_sm,basin,25,2.5208715802692994,1.1954104247818136,16.635676771641702,1.5743168456249113,0.002827407372239651,369.37787200785294,254.46907814543698,5085.981105404143,0.27350913776824176,0.5430224150397687,0.528804115985267,-0.10899364981917792,0.8503233150591966,0.36527901965849807,314.0,170.0
"Single GLM_SM (basin, log(sdi))",single,glm_sm,basin,25,2.7761451621672415,1.2255454235662566,17.56018916730502,1.6473040664874943,0.0034752029399918454,362.2414911201275,256.9250955712442,5060.999502508818,0.2905211384401102,0.5068691250903832,0.4810889280996713,-0.17062494922729665,0.8532150687745543,0.36839667722576164,359.0,163.0
"Single GLM_SM (basin, no log)",single,glm_sm,basin,25,2.7025639186182007,1.174853081125915,17.29237385780737,1.6091776870086894,0.010066367456183297,356.2659671827154,254.30299397638328,4960.521479281117,0.35492607465725934,0.5171366594360087,0.49484257559697453,-0.15277142384120923,0.8556364282590154,0.38093614760210603,345.0,152.0
"Single GLM_SM (year, log(max_wind_speed) & log(sdi))",single,glm_sm,year,25,2.5337810883534058,1.3425972375986395,15.679553891426105,2.3404164078321466,0.03589636036201342,457.34102079059596,222.64532697523686,5355.632951063924,0.013681061034699593,0.46464208242950106,0.5263910985505447,-0.045255082572341454,0.8146795109645222,0.33162697096208993,318.0,445.0
"Single GLM_SM (year, log(max_wind_speed))",single,glm_sm,year,25,2.324386268470609,1.2563962055000404,15.451012198193686,2.1561885604620223,0.04082046410747531,454.786800340364,227.97150476455093,5386.672028451408,0.02013142117511993,0.4967462039045553,0.5655307270960972,-0.030019676763921144,0.8157145140834707,0.32775335184711807,287.0,434.0
"Single GLM_SM (year, log(sdi))",single,glm_sm,year,25,2.5553042608041934,1.3393590964408537,15.64923577590961,2.3939533530359567,0.05845693568108493,456.4158143668629,223.86205350710554,5361.089721564169,0.01800139852860575,0.4429501084598699,0.5223680335324261,-0.04323396867094664,0.815054416558183,0.3309459761550637,321.0,439.0
"Single GLM_SM (year, no log)",single,glm_sm,year,25,2.3528993887142327,1.2617945250377935,15.446543556949699,2.2118043288443525,0.0624861538190451,452.86929406813005,229.0576015480466,5391.154429476188,0.0247801671776167,0.4751988430947216,0.5602011160979132,-0.029721781172961537,0.816491512393145,0.3271939565379792,298.0,363.0
"Single GLM_SM (basin_year, log(max_wind_speed) & log(sdi))",single,glm_sm,basin_year,25,2.5668124217729478,1.1900518293762723,17.055723308081078,1.6357551334504417,-0.001167678226573558,386.02053180594004,250.09429255928498,5173.156288777981,0.23382242008104634,0.5328994938539408,0.5202169528809966,-0.1369954526874504,0.8435794943380617,0.3543997189482183,324.0,203.0
"Single GLM_SM (basin_year, log(max_wind_speed))",single,glm_sm,basin_year,25,2.5422671369474648,1.1620213605742793,16.89932168420345,1.6226954169616552,0.003351110374001565,372.59043058181334,250.6076192530694,5013.710019442037,0.32024183504382336,0.5328994938539408,0.524804904632391,-0.12656916164545495,0.8490215448288501,0.37429831673836156,320.0,173.0
"Single GLM_SM (basin_year, log(sdi))",single,glm_sm,basin_year,25,2.732861771685778,1.126211358966821,17.824583996256724,1.662313714482583,0.005174290724801134,369.4119216160384,249.40315321290754,5008.914706935138,0.32064039402414524,0.5103398409255242,0.4891793661849343,-0.188250453159442,0.8503095177181457,0.3748967628183497,351.0,171.0
"Single GLM_SM (basin_year, no log)",single,glm_sm,basin_year,25,2.734204488256745,1.101762513902302,17.771778145441804,1.6591556731377735,0.011992153260027312,356.19744517567125,250.06280772965127,4863.792967156407,0.40405043708845845,0.5054229934924078,0.48892838849666576,-0.18473022647850068,0.855664194261359,0.3930076859681323,352.0,151.0
"Single GLM_SM (island, log(max_wind_speed) & log(sdi))",single,glm_sm,island,25,2.24678893794184,1.3890229524555744,16.33564254095782,1.7815502924541782,-0.0034814420317645037,419.86082709749144,240.81338855138486,5347.238538375355,0.09153563342735958,0.5680404916847434,0.5800350529181133,-0.08899229603452108,0.8298669695754803,0.3326745780492296,273.0,300.0
"Single GLM_SM (island, log(max_wind_speed))",single,glm_sm,island,25,2.173794509487422,1.3066216586452324,15.796842115815231,1.698174302815859,0.004288725306362455,413.8004415505091,241.93485681070794,5330.611293294826,0.10697696877534853,0.579175704989154,0.5936790142023511,-0.053073934659431776,0.8323227160802851,0.334749627303085,252.0,286.0
"Single GLM_SM (island, log(sdi))",single,glm_sm,island,25,2.259800148181934,1.34278288895054,16.078446595572764,1.8510935878265102,0.005283409112014554,425.65564356767527,239.5999467852283,5402.293701045923,0.08905318174380662,0.5586406362979031,0.5776030255355333,-0.07184669540121891,0.8275188350909137,0.3258037961688186,274.0,315.0
"Single GLM_SM (island, no log)",single,glm_sm,island,25,2.202774896666803,1.279638430761195,15.741084238214743,1.7642556669176872,0.013652250478770174,419.91785863786197,240.3758801177299,5398.017099155802,0.10064612966921505,0.5681851048445409,0.5882620626753643,-0.04935691532591435,0.8298438596586537,0.3263375081288068,264.0,302.0
"Single GLM_SM (island_basin, log(max_wind_speed) & log(sdi))",single,glm_sm,island_basin,25,2.6960138206367175,1.4265496071729566,18.604558254259288,1.582603009169926,-0.005100941899433473,380.432259060009,260.88015843605643,5284.9849227140185,0.1515083415865751,0.5414316702819957,0.49606690579805457,-0.24024632390284228,0.8458439346376643,0.3404437134713768,343.0,186.0
"Single GLM_SM (island_basin, log(max_wind_speed))",single,glm_sm,island_basin,25,2.6045448197933667,1.332056033213618,17.742066629961403,1.5401296943277858,-0.0008219706925884743,377.0888326743769,258.75482400085383,5198.093718007731,0.20760659310661705,0.5522776572668113,0.5131640943457245,-0.18274955070278254,0.8471987341957016,0.3512875741722409,329.0,180.0
"Single GLM_SM (island_basin, log(sdi))",single,glm_sm,island_basin,25,2.82496415932281,1.3877005347081595,18.522656004256778,1.6145331791265078,-0.0008716172146816139,368.40483244807234,262.341739141911,5178.274965889661,0.20788133305572476,0.5217642805495301,0.47196378634255987,-0.23478642729595922,0.850717603257438,0.353760917567119,364.0,169.0
"Single GLM_SM (island_basin, no log)",single,glm_sm,island_basin,25,2.751514585035093,1.3083299442418153,17.967008630241445,1.582915147561361,0.005114362180520174,363.6169129223286,259.48435209811106,5073.182198425285,0.2804917649823668,0.5292841648590022,0.4856928225052466,-0.19774498811795493,0.852657730094168,0.3668762994392445,357.0,166.0
"Single GLM_SM (island_year, log(max_wind_speed) & log(sdi))",single,glm_sm,island_year,25,2.266630647076576,1.409011102894335,16.461107906190335,1.783270103715915,-0.00365923719619905,425.2532976573559,240.57383686572464,5383.8197308425815,0.08147905492070524,0.5657266811279826,0.5763262833999507,-0.09735626554565568,0.827681870850822,0.3281093132824794,275.0,314.0
"Single GLM_SM (island_year, log(max_wind_speed))",single,glm_sm,island_year,25,2.1914234929338448,1.2963540610247544,15.796411279491087,1.6940721860636092,-0.00036561682252953236,420.04926842374124,240.26226451478067,5374.022231296979,0.0859515848899177,0.5788864786695589,0.5903838426020465,-0.05304521357076508,0.8297906107160132,0.3293320229991695,259.0,303.0
"Single GLM_SM (island_year, log(sdi))",single,glm_sm,island_year,25,2.28326710642533,1.3715282481502302,16.176649254598274,1.8539836955884386,0.00624146199294037,432.30945265813614,239.0454149625419,5462.946087784769,0.08022097628707363,0.5557483731019522,0.5732166322653722,-0.07839323551194632,0.8248226257011212,0.318234491137381,278.0,324.0
"Single GLM_SM (island_year, no log)",single,glm_sm,island_year,25,2.2281097111566646,1.2916875914595933,15.775335059972454,1.7605150799006508,0.009878585130947226,426.8068579682668,238.58823837828055,5452.769767686804,0.08391881036684866,0.5671728127259581,0.5835265337403185,-0.051640197476186867,0.8270523481457158,0.319504476954274,270.0,317.0
"Single GLM_SM (island_basin_year, log(max_wind_speed) & log(sdi))",single,glm_sm,island_basin_year,25,2.530433244661918,1.1446747366811603,16.964778925477944,1.546361201276959,0.0003476458632416029,367.3960644864308,256.99528000606625,5032.7823556118965,0.3117393981061318,0.5647143890093999,0.527016870279696,-0.1309327752155287,0.8511263690656123,0.37191812466523866,317.0,168.0
"Single GLM_SM (island_basin_year, log(max_wind_speed))",single,glm_sm,island_basin_year,25,2.580617927628234,1.1119561563490683,16.903076619514902,1.5903438376113637,0.00643096622622833,359.45573989266927,254.77672763244408,4909.738852370058,0.37596724076102156,0.5508315256688359,0.5176364574735085,-0.12681947904901159,0.8543438911550862,0.3872737249680649,326.0,156.0
"Single GLM_SM (island_basin_year, log(sdi))",single,glm_sm,island_basin_year,25,2.642322396834098,1.0975843407255683,17.224129054180995,1.5744488823342884,0.006914796561146217,350.9108287757124,255.90982360612207,4871.619708954927,0.3954239409256833,0.5519884309472162,0.5061027910453237,-0.14822198140531007,0.85780639951312,0.3920309231520145,334.0,145.0
"Single GLM_SM (island_basin_year, no log)",single,glm_sm,island_basin_year,25,2.738036806227345,1.0388300070625243,17.38931742013367,1.6323843952367456,0.016707032884969133,340.6747369954101,253.7453974546046,4737.470645649791,0.4506686199320009,0.5334779464931309,0.4882120598791685,-0.15923402806744558,0.8619541961206897,0.4087724766907126,353.0,116.0
"Single GLM_SM_INT (base, log(max_wind_speed) & log(sdi))",single,glm_sm_int,base,25,2.4872503013733587,1.3176743691036685,15.566103017012024,2.5302758168417037,0.027519727669342322,461.17205453362027,221.03427168860676,5408.519892228097,0.01994400942866714,0.4177874186550976,0.5350885329920969,-0.03769204194473552,0.8131271266069122,0.32502677909206534,309.0,448.0
"Single GLM_SM_INT (base, log(max_wind_speed))",single,glm_sm_int,base,25,2.3223820896556524,1.2360570196270213,15.37889196516134,2.4004118802931704,0.040142686139287995,456.39205035408884,227.90323276207235,5424.303601892974,0.03183727409994795,0.42169197396963126,0.5659053438817472,-0.025211884357621672,0.8150640460431156,0.32305700148882743,284.0,437.0
"Single GLM_SM_INT (base, log(sdi))",single,glm_sm_int,base,25,2.501490456675952,1.3109049195746028,15.56398857835176,2.574045936333053,0.03584284391674154,464.1973504316518,222.23042198213778,5444.0710258307045,0.0191109220755141,0.4041937816341287,0.5324267938464655,-0.0375510859091408,0.8119012376316983,0.32059006375536814,311.0,450.0
"Single GLM_SM_INT (base, no log)",single,glm_sm_int,base,25,2.3482958555874553,1.2341718037386804,15.39829674816531,2.4466074893467247,0.050505312350218816,457.6492405471989,228.67668547597967,5451.064537734381,0.03177748485953504,0.4105567606652205,0.5610615985906513,-0.02650547652239643,0.8145546163379144,0.3197172864800427,296.0,446.0
"Single GLM_SM_INT (basin, log(max_wind_speed) & log(sdi))",single,glm_sm_int,basin,25,3.266984472105184,1.041563369349524,17.611828261141042,1.9526803323445032,0.007633236107551696,348.86437372501433,256.32143689945383,4928.965969776303,0.3631090963809755,0.4163412870571222,0.3893423019067245,-0.17406739571941587,0.8586356495334416,0.38487421648458564,395.0,142.0
"Single GLM_SM_INT (basin, log(max_wind_speed))",single,glm_sm_int,basin,25,3.2351770701296583,1.1055965064700068,18.022456211158783,1.9091984168782223,0.011249154525556658,347.03633945056055,255.6708667931088,4873.020050014138,0.390305268248005,0.419233550253073,0.39528767294798506,-0.20144132196594033,0.8593763926339179,0.39185616319292416,390.0,135.0
"Single GLM_SM_INT (basin, log(sdi))",single,glm_sm_int,basin,25,3.610527172092129,1.0470730354032693,19.2873472110514,1.9949855338392368,0.02753334866752883,325.5849747012591,252.4481898474175,4696.579558689412,0.460932223765107,0.3975415762834418,0.32512804066305423,-0.2857634752422997,0.8680687627146659,0.413875608272374,411.0,77.0
"Single GLM_SM_INT (basin, no log)",single,glm_sm_int,basin,25,3.616462440548798,1.1940990983477033,20.14711422755534,1.9672713170522271,0.02977480022867445,323.7711411658595,253.06693013668388,4655.382522260118,0.47607563624532684,0.3969631236442516,0.32401863307196777,-0.343078616352291,0.8688037514922484,0.4190169217785885,412.0,74.0
"Single GLM_SM_INT (year, log(max_wind_speed) & log(sdi))",single,glm_sm_int,year,25,2.503995970484627,1.3228950088106999,15.67638725635514,2.50590648321515,0.017216268848242913,466.77100144222936,223.64218108059777,5430.916612410005,0.01024785261986639,0.4176428054953001,0.5319584686040255,-0.04504398336470472,0.8108583609987159,0.32223171007869644,312.0,454.0
"Single GLM_SM_INT (year, log(max_wind_speed))",single,glm_sm_int,year,25,2.329669093394262,1.2304728704061636,15.428575474546282,2.3674066431346836,0.023546197702454696,463.32377338149325,230.37312276358153,5457.917706021146,0.016922011459652525,0.4234273318872017,0.5645432728443697,-0.028523964603287322,0.8122552223362973,0.3188620238270221,289.0,449.0
"Single GLM_SM_INT (year, log(sdi))",single,glm_sm_int,year,25,2.522342094609952,1.322429660560122,15.681785763633034,2.5499067073835597,0.0254305712680189,470.03925361130143,225.30860209630086,5468.6356896377065,0.01122394383932419,0.4052060737527115,0.5285292506132571,-0.045403867147725485,0.8095340230042436,0.3175244394106822,315.0,455.0
"Single GLM_SM_INT (year, no log)",single,glm_sm_int,year,25,2.363715397439542,1.239490888038851,15.479142820371967,2.415511412619508,0.0330964413845937,464.95950046292563,231.70875413894817,5486.397067505964,0.0186930039341663,0.4108459869848156,0.5581794110524348,-0.03189496454387819,0.8115924045944389,0.31530785249478177,300.0,451.0
"Single GLM_SM_INT (basin_year, log(max_wind_speed) & log(sdi))",single,glm_sm_int,basin_year,25,2.9572303091146,1.0689711811437506,17.038557390915745,1.9039721336532958,0.010529086614633362,357.5372320069848,250.09619739281052,4929.555246382896,0.3637723440831335,0.4441070137382502,0.4472408826198284,-0.1358511113185361,0.8551212953314684,0.38480067586033284,373.0,154.0
"Single GLM_SM_INT (basin_year, log(max_wind_speed))",single,glm_sm_int,basin_year,25,3.0483484745900697,1.143475821451429,17.52473186613267,1.8957394791254027,0.014350784500956058,347.8503231592969,252.3509206408759,4814.533985846371,0.41386222440191894,0.4348517715112075,0.43020927146317123,-0.1682612388487148,0.8590465559210221,0.3991551151975701,379.0,140.0
"Single GLM_SM_INT (basin_year, log(sdi))",single,glm_sm_int,basin_year,25,3.2534772008242494,1.0716241578676475,18.361359483814713,1.9466843716603883,0.03296624144192138,340.53664306477856,246.76148697230633,4743.4222860057935,0.45325098241696926,0.4240057845263919,0.39186705195018645,-0.22403382496041124,0.8620101535651219,0.4080297230463099,392.0,115.0
"Single GLM_SM_INT (basin_year, no log)",single,glm_sm_int,basin_year,25,3.431046207513484,1.2165817158745191,19.559984462619912,1.954786474725559,0.03619393917200517,330.7101073018369,249.97679088905238,4648.286491616055,0.48027263507296,0.4121475054229935,0.35867623583109887,-0.3039384485147454,0.8659919927842782,0.41990249320199535,405.0,85.0
"Single GLM_SM_INT (island, log(max_wind_speed) & log(sdi))",single,glm_sm_int,island,25,2.24404450694907,1.3687941832605621,16.490521451363225,1.851404067155617,-0.004976624682356982,409.62099384478955,242.55391085281875,5347.070725178748,0.08902958257033752,0.5593637020968908,0.5805480360458051,-0.09931707755608188,0.8340162822759943,0.3326955208239779,271.0,278.0
"Single GLM_SM_INT (island, log(max_wind_speed))",single,glm_sm_int,island,25,2.166753447721819,1.2744331194362273,15.785927468358022,1.807868833455517,0.00040876064267665645,402.0816608929266,245.14902038632889,5312.449124718882,0.11248736886414366,0.5528561099060014,0.5949951142960699,-0.05234632526390093,0.8370713173726171,0.33701623215370125,249.0,262.0
"Single GLM_SM_INT (island, log(sdi))",single,glm_sm_int,island,25,2.244407792633133,1.319463057691344,16.219075480300397,1.9084359064160885,0.0002506435277753649,412.2827815226817,241.80030409182697,5385.6415479445795,0.09340653546902648,0.5466377440347071,0.5804801314685184,-0.08122151929837185,0.8329376915269667,0.32788195389733443,272.0,284.0
"Single GLM_SM_INT (island, no log)",single,glm_sm_int,island,25,2.1900785050272247,1.2451468482799823,15.700347766779105,1.8698940360108363,0.007233316570604096,405.6890946169503,243.99384233058666,5365.877014144302,0.11030041023833166,0.5424439624005785,0.5906352448434813,-0.046641276596074865,0.8356095386309169,0.3303485309470162,258.0,270.0
"Single GLM_SM_INT (island_basin, log(max_wind_speed) & log(sdi))",single,glm_sm_int,island_basin,25,3.461190862307847,1.1587144126680076,19.66818023522535,1.865623160848525,-0.00022604688920897803,362.75646849709346,263.8939356152387,5148.053984059825,0.23730059188976374,0.44222704266088214,0.3530416619101887,-0.31115116528027253,0.8530063932895157,0.35753243987842576,407.0,164.0
"Single GLM_SM_INT (island_basin, log(max_wind_speed))",single,glm_sm_int,island_basin,25,3.3768457075398834,1.1625424140575393,19.137734104008743,1.8312181204621683,0.004490855100321703,359.2732166214683,261.01416115215596,5047.375211510644,0.2973566978948198,0.4420824295010846,0.368807276499332,-0.27578973098664905,0.8544178519422049,0.37009696339663056,400.0,155.0
"Single GLM_SM_INT (island_basin, log(sdi))",single,glm_sm_int,island_basin,25,3.756613204852453,1.1394812893288708,20.731872955527727,1.9112745380991139,0.01340548361710632,343.4830836389464,259.5108144454258,4914.723107235245,0.37065105669150994,0.4218365871294288,0.2978219541938051,-0.3820607223946004,0.860816217785701,0.38665169923325793,418.0,124.0
"Single GLM_SM_INT (island_basin, no log)",single,glm_sm_int,island_basin,25,3.7200884111232813,1.2234268006664428,20.89738852053135,1.891473821539327,0.018662447713318812,338.87076242603626,257.54225905175304,4820.3406047944745,0.41573338904248114,0.4187997107736804,0.3046490899370048,-0.3930945813144944,0.8626851899178916,0.3984304599550853,415.0,109.0
"Single GLM_SM_INT (island_year, log(max_wind_speed) & log(sdi))",single,glm_sm_int,island_year,25,2.2756075813982464,1.3952487226443824,16.678900010857472,1.8578394956472102,-0.005665145512516561,414.9152687233267,242.07711105371092,5379.435508585931,0.0753053706057052,0.5540130151843817,0.5746483341793126,-0.11187506537400638,0.8318709737097899,0.32865645606400085,276.0,288.0
"Single GLM_SM_INT (island_year, log(max_wind_speed))",single,glm_sm_int,island_year,25,2.1965662435554676,1.2781026394021986,15.860153018157815,1.7974446127345012,-0.0037174550314906553,409.0719527381822,243.1373182723009,5358.109216320924,0.08583101255074646,0.5551699204627621,0.5894225707370339,-0.057294465607828915,0.8342387608242803,0.33131793766469164,261.0,276.0
"Single GLM_SM_INT (island_year, log(sdi))",single,glm_sm_int,island_year,25,2.2768266859578707,1.3516254368013008,16.344827543461758,1.9165120288543633,-0.00019448833109241448,416.96294646516714,241.23940536170258,5420.956512576223,0.08141674260064607,0.5424439624005785,0.574420461781855,-0.08960460111776247,0.8310412282392241,0.3234747120088609,277.0,289.0
"Single GLM_SM_INT (island_year, no log)",single,glm_sm_int,island_year,25,2.225255017403735,1.2670331578801846,15.796552894538845,1.8586437308992856,0.0030302612630547874,411.5975341220927,241.87222075337263,5406.335311487704,0.08975214263084902,0.5436008676789588,0.584060126945554,-0.05305465413581323,0.8332153626249319,0.32529941070442125,267.0,283.0
"Single GLM_SM_INT (island_basin_year, log(max_wind_speed) & log(sdi))",single,glm_sm_int,island_basin_year,25,2.868705780002354,1.09290794353799,17.31294794760641,1.7043544557948112,0.00624279723529579,353.9035349428973,255.32811661197263,4927.829146802674,0.3642498644726964,0.5161243673174258,0.4637876968560287,-0.15414296617466205,0.8565937163178023,0.38501608987682645,366.0,149.0
"Single GLM_SM_INT (island_basin_year, log(max_wind_speed))",single,glm_sm_int,island_basin_year,25,3.023926894418042,1.1515128739605978,18.066441506154003,1.7441218195979489,0.01258141369668069,346.85268951763226,255.06450620919287,4827.401457743718,0.4091997389533505,0.48778018799710776,0.4347741006072905,-0.20437353888171228,0.8594508099589213,0.39754927864254974,376.0,134.0
"Single GLM_SM_INT (island_basin_year, log(sdi))",single,glm_sm_int,island_basin_year,25,3.102817067815315,1.1218772621589537,18.568762983830403,1.739461955876719,0.023514892787793017,340.22028033955,253.07845084186343,4769.766452873812,0.44182292622994607,0.49833694866232825,0.42002811938200635,-0.23786008328611752,0.8621383478277983,0.4047420200300754,381.0,113.0
"Single GLM_SM_INT (island_basin_year, no log)",single,glm_sm_int,island_basin_year,25,3.363315705137595,1.228812678411222,20.23157696382428,1.8006952593018855,0.03181666110292644,333.5012309938998,253.27283172843914,4687.203047115007,0.4708778896114365,0.46478669558929864,0.3713362753950181,-0.34870920412184203,0.8648609934116931,0.415045779473436,399.0,93.0
"Single GLM_SM_ISLAND (island, log(max_wind_speed) & log(sdi))",single,glm_sm_island,island,25,2.1637985601792185,1.0715677171029152,15.206828134353264,1.8281996184110099,0.19738144685398012,417.22323008172424,240.7081700372395,5370.81701240021,0.09925287780219834,0.5052783803326103,0.5955474355085812,-0.013741494643450425,0.8309357579557475,0.32973202835471527,248.0,290.0
"Single GLM_SM_ISLAND (island, log(max_wind_speed))",single,glm_sm_island,island,25,2.130549732711353,1.0337779976634087,15.1059867060755,1.7665443028222818,0.18899190588039538,410.20090193297017,241.92201977391275,5348.009677774231,0.1169539770082088,0.511352133044107,0.6017622346970035,-0.007019044746529257,0.8337812960280705,0.3325783412868252,243.0,280.0
"Single GLM_SM_ISLAND (island, log(sdi))",single,glm_sm_island,island,25,2.1630370863836985,1.096586991173007,15.226571445440346,1.922265862347225,0.1703528496849635,424.4733016835499,240.4479855093796,5446.075496024247,0.09302689941003862,0.48864786695589296,0.595689768549678,-0.015057654299744039,0.827997935294509,0.320339909604194,247.0,311.0
"Single GLM_SM_ISLAND (island, no log)",single,glm_sm_island,island,25,2.1396857246339036,1.0680084599510147,15.157724541591104,1.8573344584529197,0.16764657000918182,417.9897962891935,241.2996285928532,5441.108271499702,0.1057021317058855,0.4977584960231381,0.6000545547723333,-0.010468073711795256,0.8306251354268506,0.32095980998417084,244.0,292.0
"Single GLM_SM_ISLAND (island_basin, log(max_wind_speed) & log(sdi))",single,glm_sm_island,island_basin,25,2.8635839514786183,1.435482043336279,18.461854828092154,1.5577653001359761,0.08919973709027039,375.36873722895996,259.6107331245918,5322.8321545638355,0.15013155193522948,0.4854663774403471,0.4647450580075856,-0.23073320366137606,0.8478957390884211,0.3357204493449327,365.0,176.0
"Single GLM_SM_ISLAND (island_basin, log(max_wind_speed))",single,glm_sm_island,island_basin,25,2.7188631958662293,1.341526157264591,17.408045709534434,1.5163360319623012,0.09163930312767785,370.7431533958387,254.91573647362128,5227.062170170696,0.20562550174650165,0.5100506146059292,0.4917959498141309,-0.16048252275164332,0.8497700854056327,0.34767236523323874,349.0,172.0
"Single GLM_SM_ISLAND (island_basin, log(sdi))",single,glm_sm_island,island_basin,25,2.880065900154991,1.3568522869253223,17.701163386410695,1.5921467291731128,0.10188129902350966,363.4349984428788,260.8168296096534,5185.807743107959,0.20949909128061453,0.4642082429501085,0.4616642876749615,-0.18002279434790625,0.8527314441910054,0.3528208409837412,367.0,165.0
"Single GLM_SM_ISLAND (island_basin, no log)",single,glm_sm_island,island_basin,25,2.7784809216244812,1.280263068917656,17.133815890772965,1.555437358121912,0.10578517754914671,356.87561206399755,255.34882026376792,5063.335922793866,0.28636328844784475,0.4896601590744758,0.4806523329748287,-0.14220138326016452,0.8553893922784207,0.36810509632070487,360.0,153.0
"Single GLM_SM_ISLAND (island_year, log(max_wind_speed) & log(sdi))",single,glm_sm_island,island_year,25,2.1833400298643264,1.09504172227115,15.238877393154254,1.834752495212567,0.1890768750354829,423.9581018902213,240.69585488877345,5417.639334938622,0.09041232415399662,0.5042660882140275,0.5918947861014117,-0.015878012741247005,0.8282067009055307,0.32388868960698214,256.0,309.0
"Single GLM_SM_ISLAND (island_year, log(max_wind_speed))",single,glm_sm_island,island_year,25,2.1611983749814083,1.0613681848192003,15.242053921887782,1.7684929427847924,0.15085099759429135,417.6327080828781,239.3972412016837,5399.150053671048,0.09670698264015723,0.5101952277657267,0.5960334565230883,-0.016089771495778615,0.8307698321805088,0.3261961175129754,246.0,291.0
"Single GLM_SM_ISLAND (island_year, log(sdi))",single,glm_sm_island,island_year,25,2.1847850835773124,1.1212927235173835,15.235680643030996,1.9270449824423441,0.16391516132378006,432.67342206836554,240.65710102920332,5526.915881384266,0.08514367809330528,0.48749096167751266,0.5916246797750646,-0.01566490595662895,0.8246751405947533,0.310251179901212,257.0,327.0
"Single GLM_SM_ISLAND (island_year, no log)",single,glm_sm_island,island_year,25,2.1728952785703046,1.0977710228180124,15.238873225046142,1.8571834225818795,0.13889857120363486,426.08658704390683,239.1920416722598,5507.106753179199,0.09021663773643768,0.4976138828633406,0.5938470965077889,-0.015877734880268335,0.827344211227907,0.31272332224965105,251.0,316.0
"Single GLM_SM_ISLAND (island_basin_year, log(max_wind_speed) & log(sdi))",single,glm_sm_island,island_basin_year,25,2.490742895681129,1.0962890150958289,16.261747945975042,1.47118945944195,0.09755703695516536,361.1104755141281,251.01937197917238,5002.071684852469,0.33004698775517755,0.5556037599421547,0.5344357047896469,-0.08406621832113603,0.8536733709072785,0.3757507592439745,310.0,162.0
"Single GLM_SM_ISLAND (island_basin_year, log(max_wind_speed))",single,glm_sm_island,island_basin_year,25,2.5655560095978935,1.0797517225454822,15.96081758421146,1.5108790901399813,0.12321010110736565,345.4659919829359,247.5464056725273,4832.544372715908,0.40752514173533017,0.5440347071583514,0.5204517987375429,-0.0640051252369942,0.8600127177117618,0.39690745242154923,323.0,129.0
"Single GLM_SM_ISLAND (island_basin_year, log(sdi))",single,glm_sm_island,island_basin_year,25,2.5170328953727035,1.0521753559679181,16.14203118428639,1.4940990325913728,0.10453795003207125,344.2165795709372,249.65163734931497,4821.918095702292,0.4131058595127499,0.5449023861171367,0.5295216346948524,-0.07608547126094112,0.8605189957595921,0.3982335920244464,313.0,125.0
"Single GLM_SM_ISLAND (island_basin_year, no log)",single,glm_sm_island,island_basin_year,25,2.636179008507053,1.0033200344923914,15.9840391765959,1.544755750494303,0.13748764305596714,326.1056780550255,247.4846125775018,4656.944024308571,0.4744277449088677,0.5320318148951555,0.5072510999541411,-0.06555315955183083,0.867857766989866,0.4188220492278537,332.0,79.0
"Single RF (base, log(max_wind_speed) & log(sdi))",single,rf,base,25,14.327899528427421,10.072334336013702,193.41448434356846,1.6779409309414275,0.24120851579058006,608.7732254519161,265.3383177630071,7101.115087469598,-0.0055697330092236074,0.4825741142443962,-1.6781401072602096,-11.893700560815876,0.7533172256067738,0.11379404751477551,477.0,511.0
"Single RF (base, log(max_wind_speed))",single,rf,base,25,14.437282845677709,10.098470260013476,193.58906079116687,1.678651101155312,0.24118787528463656,609.4074201012293,265.4122477877297,7101.234215393798,-0.005571679436088426,0.4824295010845987,-1.698585801230351,-11.90533845054241,0.7530602417430671,0.11377918057145286,479.0,513.0
"Single RF (base, log(sdi))",single,rf,base,25,14.306940549746988,10.079310939765026,193.32116975677908,1.6774249987383454,0.24119054275530974,608.753050759219,265.3431774850303,7101.115980105127,-0.005569986171799004,0.48329718004338396,-1.6742225001259667,-11.887479877064594,0.7533254006528485,0.11379393611552202,476.0,510.0
"Single RF (base, no log)",single,rf,base,25,14.41632156612606,10.105675589166458,193.49580130320808,1.6781334834886976,0.24116990714555023,609.3871065798988,265.4170467582823,7101.2350655335185,-0.005571929733404056,0.48300795372378885,-1.6946677640222183,-11.899121439876033,0.7530684730442971,0.11377907447559721,478.0,512.0
"Single RF (basin, log(max_wind_speed) & log(sdi))",single,rf,basin,25,12.870415834720015,6.284797890825846,111.09838382570216,1.6174580531311211,0.05604681703569482,432.46645610990595,270.34577651931113,5582.251933558915,0.03905990984986389,0.49414316702819955,-1.4057103956998316,-6.4062151999673995,0.824759005874472,0.3033453435332393,469.0,325.0
"Single RF (basin, log(max_wind_speed))",single,rf,basin,25,13.095989981276732,6.370754835749751,112.04690006863501,1.6180478269992993,0.05608872070820889,433.51942588575554,271.2607895719863,5582.643373432368,0.03905852597716415,0.49428778018799713,-1.4478742291253748,-6.469446681595849,0.8243323289202318,0.3032964925652404,471.0,329.0
"Single RF (basin, log(sdi))",single,rf,basin,25,12.862896470021056,6.276605572833012,111.06777869687586,1.6171778592970718,0.05606387590503236,432.52670629067245,270.35208371356225,5582.279717480137,0.0390422652588659,0.49414316702819955,-1.404304892252418,-6.404174952733327,0.8247345917229821,0.30334187615155805,468.0,326.0
"Single RF (basin, no log)",single,rf,basin,25,13.088470437524501,6.362926665930682,112.01655426741475,1.617765672032517,0.05610577940298153,433.5796662328272,271.2668800517382,5582.671154692168,0.039040882646015455,0.49428778018799713,-1.4464686922097094,-6.467423722066524,0.8243079187534821,0.3032930255156998,470.0,330.0
"Single RF (year, log(max_wind_speed) & log(sdi))",single,rf,year,25,15.77336114416524,11.255981531993555,219.5608815378702,1.7045812804947755,0.3012866301440813,610.2354137382501,260.5557907653526,7052.84334440832,-0.005154188577022388,0.483586406362979,-1.9483226779107086,-13.636712814069044,0.7527247280262661,0.11981827124735911,493.0,515.0
"Single RF (year, log(max_wind_speed))",single,rf,year,25,15.883961446333942,11.27510693180464,219.74148919103337,1.7045517491436024,0.3008821358982123,610.8561457700652,260.619044400355,7053.009341314468,-0.005155691164312191,0.4834417932031815,-1.96899584807954,-13.648752765506917,0.7524731993890643,0.11979755514228119,499.0,517.0
"Single RF (year, log(sdi))",single,rf,year,25,15.773324044907428,11.257728066739174,219.5602019685643,1.7042923157612997,0.30176484300203116,610.2222258857556,260.56055672344417,7052.839645628562,-0.0051527241569164365,0.48300795372378885,-1.948315743397377,-13.636667511551135,0.7527300719144425,0.119818732848192,492.0,514.0
"Single RF (year, no log)",single,rf,year,25,15.883924392855363,11.276897879231754,219.74081506856467,1.704263331075109,0.3013605412870609,610.8429425885755,260.6237785173147,7053.005632350674,-0.00515422677306582,0.48300795372378885,-1.968988922123164,-13.648707826094636,0.7524785494887476,0.11979801801406276,498.0,516.0
"Single RF (basin_year, log(max_wind_speed) & log(sdi))",single,rf,basin_year,25,23.309015167556623,22.99497655824041,449.82581075237493,1.6559871277759801,0.09745088702110916,436.7484474331165,268.5244656822018,5568.08500725043,0.044415551686102735,0.4893709327548807,-3.3568708907481755,-28.9869956898614,0.8230238876804135,0.30511334958135317,531.0,341.0
"Single RF (basin_year, log(max_wind_speed))",single,rf,basin_year,25,23.528228196682598,23.1550423160482,450.08838056354506,1.6563257857897173,0.09746311483110065,437.7801917570499,269.4078922592182,5568.525238246684,0.04441519450886524,0.4893709327548807,-3.3978457178099832,-29.004499531587772,0.822605811553456,0.30505840957199637,534.0,346.0
"Single RF (basin_year, log(sdi))",single,rf,basin_year,25,23.30969172988115,22.992508415942662,449.82611111343346,1.6554363817448696,0.09790371371583034,436.79373998553865,268.4988713652379,5568.092128207824,0.04440149192648122,0.48922631959508317,-3.3569973523200742,-28.987015713002695,0.8230055345531344,0.3051124608991177,532.0,342.0
"Single RF (basin_year, no log)",single,rf,basin_year,25,23.528904724612705,23.15257742275998,450.0886813871562,1.655775598277243,0.09791591437010225,437.8254672451193,269.3822464472722,5568.532400824053,0.04440113222606909,0.48922631959508317,-3.3979721729529517,-29.004519585564477,0.822587465340873,0.3050575156956655,535.0,347.0
"Single RF (island, log(max_wind_speed) & log(sdi))",single,rf,island,25,14.664963610364397,9.857189780410202,195.9425649136521,1.6677846417482953,0.2550691635988188,599.7714441070137,269.7247932081683,7057.360962473744,-0.0010549340672229076,0.4783803326102675,-1.741143399177579,-12.06223144398579,0.7569648636825012,0.11925448091706325,485.0,498.0
"Single RF (island, log(max_wind_speed))",single,rf,island,25,14.73788988225823,9.883486614073385,196.02987010136655,1.6684555373893664,0.2550526057338062,600.197838033261,269.74562653493143,7057.429948274512,-0.0010561603519248905,0.4785249457700651,-1.7547746207843709,-12.068051519724257,0.756792083355914,0.11924587161746392,487.0,500.0
"Single RF (island, log(sdi))",single,rf,island,25,14.653385826742111,9.856715695768333,195.88270985007023,1.6673490014550807,0.2550653220291494,599.7471392624728,269.73110748132393,7057.360496238599,-0.001054961120997438,0.47823571945047,-1.7389793048097686,-12.058241291596259,0.7569747123194515,0.11925453910234196,484.0,497.0
"Single RF (island, no log)",single,rf,island,25,14.72630984495966,9.882890316093329,195.97001393934482,1.6680218625654057,0.25504876548957955,600.1733955169921,269.75200322329334,7057.429463914802,-0.001056183502657016,0.47823571945047,-1.752610105164245,-12.0640612941088,0.7568019877792268,0.11924593206465461,486.0,499.0
"Single RF (island_basin, log(max_wind_speed) & log(sdi))",single,rf,island_basin,25,12.686822815996294,5.996247432162751,105.70817445057287,1.6188650892268588,0.05753195040931062,427.55214548083876,270.8958643434338,5568.2447940846205,0.040765173600886245,0.48720173535791755,-1.3713935842313094,-6.046884584791936,0.8267503480188452,0.30509340848170274,461.0,318.0
"Single RF (island_basin, log(max_wind_speed))",single,rf,island_basin,25,12.844255251054728,6.073723067728144,106.26595077564382,1.6195168743035644,0.05752757106200983,428.2899780187997,271.5355458474559,5568.470471741528,0.04076424069360586,0.48720173535791755,-1.4008205157698153,-6.084067947453659,0.826451368743982,0.30506524432995596,467.0,320.0
"Single RF (island_basin, log(sdi))",single,rf,island_basin,25,12.680823707173289,5.992387121804501,105.68422512340705,1.6185574216034926,0.05754524167780012,427.6178872017353,270.8529510192238,5568.274060112461,0.04074830209256322,0.48734634851771513,-1.3702722437365051,-6.045288037076509,0.8267237086243612,0.30508975613587275,460.0,319.0
"Single RF (island_basin, no log)",single,rf,island_basin,25,12.83825959663413,6.069955636638112,106.24206515815992,1.6192091833091338,0.0575408530775008,428.35573853940707,271.4925251008274,5568.499726205984,0.04074736986007339,0.48734634851771513,-1.3996998209644662,-6.082475646853252,0.8264247217316122,0.30506159342721484,466.0,321.0
"Single RF (island_year, log(max_wind_speed) & log(sdi))",single,rf,island_year,25,18.005518407666354,13.76554178170666,275.8091286524076,1.6985350653960072,0.33225753421269755,601.0643169920463,265.48920585217286,7031.245525840986,-0.0021548571354237985,0.47360809833694867,-2.365552703933278,-17.38642193139316,0.7564409748896246,0.1225136388254513,514.0,502.0
"Single RF (island_year, log(max_wind_speed))",single,rf,island_year,25,18.066989316911467,13.778982530261827,275.86613510531305,1.6987508011840435,0.3320341138021479,601.419584671005,265.53989218498174,7031.329011390973,-0.0021555285882110375,0.4737527114967462,-2.3770427138368553,-17.390222185217436,0.7562970158371667,0.12250321998412372,516.0,504.0
"Single RF (island_year, log(sdi))",single,rf,island_year,25,18.00268291471442,13.7713853893913,275.77212211068183,1.6981074055522114,0.33238912415216054,601.0506574114245,265.4947260607369,7031.245490976234,-0.0021551142746581986,0.4740419378163413,-2.365022699700392,-17.383954943104133,0.7564465099281314,0.12251364317650759,513.0,501.0
"Single RF (island_year, no log)",single,rf,island_year,25,18.064153931561467,13.784717136158223,275.82913739963936,1.698323109085594,0.3321657897792482,601.405909472162,265.54541402611045,7031.328957875668,-0.0021557858307335686,0.4741865509761388,-2.376512729716691,-17.387755785971212,0.7563025572043786,0.12250322666273439,515.0,503.0
"Single RF (island_basin_year, log(max_wind_speed) & log(sdi))",single,rf,island_basin_year,25,26.37330183207205,28.45708775520404,546.5856589218115,1.6552973140662672,0.10470671098195891,435.3938536514823,268.85483133911737,5563.166772854022,0.045039378617527166,0.48402024584237163,-3.929640751403536,-35.43735287402442,0.8235727865778335,0.30572713608447644,545.0,334.0
"Single RF (island_basin_year, log(max_wind_speed))",single,rf,island_basin_year,25,26.515900609264165,28.547611128488494,546.6872526967857,1.655728995746232,0.10476104238134053,436.1215904555314,269.46898002874406,5563.391942314082,0.045035749075199374,0.4841648590021692,-3.9562950075760304,-35.44412547804012,0.8232778982247564,0.30569903535475085,547.0,339.0
"Single RF (island_basin_year, log(sdi))",single,rf,island_basin_year,25,26.370569308402462,28.457566017399383,546.5842207157173,1.6546620905137825,0.10511864026336687,435.31803383947937,268.8899650615994,5563.162393031934,0.04502695380106413,0.483586406362979,-3.9291299939670363,-35.43725699806773,0.8236035097450112,0.3057276826781251,544.0,333.0
"Single RF (island_basin_year, no log)",single,rf,island_basin_year,25,26.513171608052033,28.54810680854282,546.6858152541689,1.6550946117522034,0.10517294055998863,436.04577960954447,269.50418004680245,5563.387551629276,0.045023324036506315,0.4837310195227766,-3.9557849085496883,-35.44402965297957,0.8233086177587886,0.3056995833040467,546.0,338.0
"Single XGB (base, log(max_wind_speed) & log(sdi))",single,xgb,base,25,9.89625975601004,10.241634695494263,178.24269126223942,1.5388341674477386,0.5003635041916342,607.65907492401,510.4103291938347,8433.024478597927,-0.005506618809546093,0.5172812725958063,-0.849787549937165,-10.882294627980837,0.7537686937920107,-0.05242576670450072,441.5,506.5
"Single XGB (base, log(max_wind_speed))",single,xgb,base,25,9.89625975601004,10.241634695494263,178.24269126223942,1.5388341674477386,0.5003635041916342,607.65907492401,510.4103291938347,8433.024478597927,-0.005506618809546093,0.5172812725958063,-0.849787549937165,-10.882294627980837,0.7537686937920107,-0.05242576670450072,441.5,506.5
"Single XGB (base, log(sdi))",single,xgb,base,25,9.89625975601004,10.241634695494263,178.24269126223942,1.5388341674477386,0.5003635041916342,607.65907492401,510.4103291938347,8433.024478597927,-0.005506618809546093,0.5172812725958063,-0.849787549937165,-10.882294627980837,0.7537686937920107,-0.05242576670450072,441.5,506.5
"Single XGB (base, no log)",single,xgb,base,25,9.89625975601004,10.241634695494263,178.24269126223942,1.5388341674477386,0.5003635041916342,607.65907492401,510.4103291938347,8433.024478597927,-0.005506618809546093,0.5172812725958063,-0.849787549937165,-10.882294627980837,0.7537686937920107,-0.05242576670450072,441.5,506.5
"Single XGB (basin, log(max_wind_speed) & log(sdi))",single,xgb,basin,25,10.98895555135594,8.7174876224801,157.57684108949894,1.453553527640424,0.39012265860314516,310.34014315973775,312.99596668839047,5797.928936809149,0.00020112796538520767,0.5328994938539408,-1.0540318935511266,-9.504635220174128,0.8742461653706848,0.2764292547584212,449.5,35.5
"Single XGB (basin, log(max_wind_speed))",single,xgb,basin,25,10.98895555135594,8.7174876224801,157.57684108949894,1.453553527640424,0.39012265860314516,310.34014315973775,312.99596668839047,5797.928936809149,0.00020112796538520767,0.5328994938539408,-1.0540318935511266,-9.504635220174128,0.8742461653706848,0.2764292547584212,449.5,35.5
"Single XGB (basin, log(sdi))",single,xgb,basin,25,10.98895555135594,8.7174876224801,157.57684108949894,1.453553527640424,0.39012265860314516,310.34014315973775,312.99596668839047,5797.928936809149,0.00020112796538520767,0.5328994938539408,-1.0540318935511266,-9.504635220174128,0.8742461653706848,0.2764292547584212,449.5,35.5
"Single XGB (basin, no log)",single,xgb,basin,25,10.98895555135594,8.7174876224801,157.57684108949894,1.453553527640424,0.39012265860314516,310.34014315973775,312.99596668839047,5797.928936809149,0.00020112796538520767,0.5328994938539408,-1.0540318935511266,-9.504635220174128,0.8742461653706848,0.2764292547584212,449.5,35.5
"Single XGB (year, log(max_wind_speed) & log(sdi))",single,xgb,year,25,11.251918864014192,10.522195095254109,201.8661828978787,1.5797411920814446,0.3350969230035251,662.9122926314786,533.5654451513799,8815.901189533504,-0.005614276268011861,0.5119305856832972,-1.1031844293412325,-12.457120982814795,0.7313793762787228,-0.1002080679514985,457.5,519.5
"Single XGB (year, log(max_wind_speed))",single,xgb,year,25,11.251918864014192,10.522195095254109,201.8661828978787,1.5797411920814446,0.3350969230035251,662.9122926314786,533.5654451513799,8815.901189533504,-0.005614276268011861,0.5119305856832972,-1.1031844293412325,-12.457120982814795,0.7313793762787228,-0.1002080679514985,457.5,519.5
"Single XGB (year, log(sdi))",single,xgb,year,25,11.251918864014192,10.522195095254109,201.8661828978787,1.5797411920814446,0.3350969230035251,662.9122926314786,533.5654451513799,8815.901189533504,-0.005614276268011861,0.5119305856832972,-1.1031844293412325,-12.457120982814795,0.7313793762787228,-0.1002080679514985,457.5,519.5
"Single XGB (year, no log)",single,xgb,year,25,11.251918864014192,10.522195095254109,201.8661828978787,1.5797411920814446,0.3350969230035251,662.9122926314786,533.5654451513799,8815.901189533504,-0.005614276268011861,0.5119305856832972,-1.1031844293412325,-12.457120982814795,0.7313793762787228,-0.1002080679514985,457.5,519.5
"Single XGB (basin_year, log(max_wind_speed) & log(sdi))",single,xgb,basin_year,25,21.67213535452778,33.98638974233381,594.7444907351457,1.4950297779922734,0.3527762670948991,310.8264764984433,314.30164601826095,5798.896901856666,-0.00011970029814851698,0.5285610990600145,-3.0509088431124125,-38.647792665373345,0.8740490968199404,0.2763084545212272,526.5,39.5
"Single XGB (basin_year, log(max_wind_speed))",single,xgb,basin_year,25,21.67213535452778,33.98638974233381,594.7444907351457,1.4950297779922734,0.3527762670948991,310.8264764984433,314.30164601826095,5798.896901856666,-0.00011970029814851698,0.5285610990600145,-3.0509088431124125,-38.647792665373345,0.8740490968199404,0.2763084545212272,526.5,39.5
"Single XGB (basin_year, log(sdi))",single,xgb,basin_year,25,21.67213535452778,33.98638974233381,594.7444907351457,1.4950297779922734,0.3527762670948991,310.8264764984433,314.30164601826095,5798.896901856666,-0.00011970029814851698,0.5285610990600145,-3.0509088431124125,-38.647792665373345,0.8740490968199404,0.2763084545212272,526.5,39.5
"Single XGB (basin_year, no log)",single,xgb,basin_year,25,21.67213535452778,33.98638974233381,594.7444907351457,1.4950297779922734,0.3527762670948991,310.8264764984433,314.30164601826095,5798.896901856666,-0.00011970029814851698,0.5285610990600145,-3.0509088431124125,-38.647792665373345,0.8740490968199404,0.2763084545212272,526.5,39.5
"Single XGB (island, log(max_wind_speed) & log(sdi))",single,xgb,island,25,11.12029885632898,12.287557091095135,211.38149878085028,1.5090661310270972,0.4233422249481767,669.3458190920325,557.3896440446073,8940.859902858036,0.02947141268640054,0.5213304410701374,-1.078582301108808,-13.091445936051889,0.7287724282559291,-0.11580268290971851,453.5,523.5
"Single XGB (island, log(max_wind_speed))",single,xgb,island,25,11.12029885632898,12.287557091095135,211.38149878085028,1.5090661310270972,0.4233422249481767,669.3458190920325,557.3896440446073,8940.859902858036,0.02947141268640054,0.5213304410701374,-1.078582301108808,-13.091445936051889,0.7287724282559291,-0.11580268290971851,453.5,523.5
"Single XGB (island, log(sdi))",single,xgb,island,25,11.12029885632898,12.287557091095135,211.38149878085028,1.5090661310270972,0.4233422249481767,669.3458190920325,557.3896440446073,8940.859902858036,0.02947141268640054,0.5213304410701374,-1.078582301108808,-13.091445936051889,0.7287724282559291,-0.11580268290971851,453.5,523.5
"Single XGB (island, no log)",single,xgb,island,25,11.12029885632898,12.287557091095135,211.38149878085028,1.5090661310270972,0.4233422249481767,669.3458190920325,557.3896440446073,8940.859902858036,0.02947141268640054,0.5213304410701374,-1.078582301108808,-13.091445936051889,0.7287724282559291,-0.11580268290971851,453.5,523.5
"Single XGB (island_basin, log(max_wind_speed) & log(sdi))",single,xgb,island_basin,25,10.554694379800708,9.17798824753213,141.77817878205212,1.4519868011260897,0.36981078027955466,311.6755771919842,315.2943541629922,5799.762241644296,0.0005329966796583174,0.5383947939262473,-0.9728607310747017,-8.451439945037324,0.8737050302512006,0.27620046172555013,445.5,43.5
"Single XGB (island_basin, log(max_wind_speed))",single,xgb,island_basin,25,10.554694379800708,9.17798824753213,141.77817878205212,1.4519868011260897,0.36981078027955466,311.6755771919842,315.2943541629922,5799.762241644296,0.0005329966796583174,0.5383947939262473,-0.9728607310747017,-8.451439945037324,0.8737050302512006,0.27620046172555013,445.5,43.5
"Single XGB (island_basin, log(sdi))",single,xgb,island_basin,25,10.554694379800708,9.17798824753213,141.77817878205212,1.4519868011260897,0.36981078027955466,311.6755771919842,315.2943541629922,5799.762241644296,0.0005329966796583174,0.5383947939262473,-0.9728607310747017,-8.451439945037324,0.8737050302512006,0.27620046172555013,445.5,43.5
"Single XGB (island_basin, no log)",single,xgb,island_basin,25,10.554694379800708,9.17798824753213,141.77817878205212,1.4519868011260897,0.36981078027955466,311.6755771919842,315.2943541629922,5799.762241644296,0.0005329966796583174,0.5383947939262473,-0.9728607310747017,-8.451439945037324,0.8737050302512006,0.27620046172555013,445.5,43.5
"Single XGB (island_year, log(max_wind_speed) & log(sdi))",single,xgb,island_year,25,17.70493739609897,21.35194611929118,407.31988181767497,1.5420450831147725,0.5181070134198532,705.4284815146177,568.4446494492563,9149.93498945637,0.02936520339762541,0.5219088937093276,-2.3093687489186374,-26.153398601187284,0.7141512673675048,-0.14189486476813573,509.5,528.5
"Single XGB (island_year, log(max_wind_speed))",single,xgb,island_year,25,17.70493739609897,21.35194611929118,407.31988181767497,1.5420450831147725,0.5181070134198532,705.4284815146177,568.4446494492563,9149.93498945637,0.02936520339762541,0.5219088937093276,-2.3093687489186374,-26.153398601187284,0.7141512673675048,-0.14189486476813573,509.5,528.5
"Single XGB (island_year, log(sdi))",single,xgb,island_year,25,17.70493739609897,21.35194611929118,407.31988181767497,1.5420450831147725,0.5181070134198532,705.4284815146177,568.4446494492563,9149.93498945637,0.02936520339762541,0.5219088937093276,-2.3093687489186374,-26.153398601187284,0.7141512673675048,-0.14189486476813573,509.5,528.5
"Single XGB (island_year, no log)",single,xgb,island_year,25,17.70493739609897,21.35194611929118,407.31988181767497,1.5420450831147725,0.5181070134198532,705.4284815146177,568.4446494492563,9149.93498945637,0.02936520339762541,0.5219088937093276,-2.3093687489186374,-26.153398601187284,0.7141512673675048,-0.14189486476813573,509.5,528.5
"Single XGB (island_basin_year, log(max_wind_speed) & log(sdi))",single,xgb,island_basin_year,25,14.128035627724435,10.831147078454954,197.99437779743195,1.4880263607593465,0.27627453502063576,312.53370998365415,315.73069153830164,5801.45071108412,-0.00020777663002662363,0.5336225596529284,-1.6407819775912973,-12.199012621569615,0.8733573037596326,0.27598974388057385,473.5,48.5
"Single XGB (island_basin_year, log(max_wind_speed))",single,xgb,island_basin_year,25,14.128035627724435,10.831147078454954,197.99437779743195,1.4880263607593465,0.27627453502063576,312.53370998365415,315.73069153830164,5801.45071108412,-0.00020777663002662363,0.5336225596529284,-1.6407819775912973,-12.199012621569615,0.8733573037596326,0.27598974388057385,473.5,48.5
"Single XGB (island_basin_year, log(sdi))",single,xgb,island_basin_year,25,14.128035627724435,10.831147078454954,197.99437779743195,1.4880263607593465,0.27627453502063576,312.53370998365415,315.73069153830164,5801.45071108412,-0.00020777663002662363,0.5336225596529284,-1.6407819775912973,-12.199012621569615,0.8733573037596326,0.27598974388057385,473.5,48.5
"Single XGB (island_basin_year, no log)",single,xgb,island_basin_year,25,14.128035627724435,10.831147078454954,197.99437779743195,1.4880263607593465,0.27627453502063576,312.53370998365415,315.73069153830164,5801.45071108412,-0.00020777663002662363,0.5336225596529284,-1.6407819775912973,-12.199012621569615,0.8733573037596326,0.27598974388057385,473.5,48.5
"Single ZIP (base, log(max_wind_speed) & log(sdi))",single,zip,base,25,2.122695385799447,1.0482682230337363,15.074848455613623,2.1988508030843783,0.030793766209738713,438.7219135468501,232.9896210864828,5339.494002156519,0.018938256964809483,0.49443239334779465,0.6032303522978686,-0.0049432577194834515,0.822224213720138,0.3336410817619325,241.0,352.0
"Single ZIP (base, log(max_wind_speed))",single,zip,base,25,1.9702705187640144,0.9973469073155169,14.85639944671379,2.0402547117177163,0.051198612714996435,424.90486316989694,235.40854671619553,5348.142458699472,0.022128537337892277,0.5208966015907448,0.631721280011416,0.009619333692017173,0.8278230610058207,0.33256177047437163,230.0,312.0
"Single ZIP (base, log(sdi))",single,zip,base,25,2.1563122943921385,1.1049210004666397,15.089413168745102,2.2206860391639145,0.05799004269377197,424.986247277946,238.0121390553623,5338.960302533734,0.015371447493213132,0.47823571945047,0.5969467521787053,-0.005914193533876233,0.8277900831140119,0.33370768648199767,245.0,313.0
"Single ZIP (base, no log)",single,zip,base,25,1.9557363656671267,0.9665653938570452,14.862806220264462,2.0665787180015887,0.039642206245923475,438.4965120821355,236.3274160078564,5356.093733496359,0.035466113007182956,0.514533622559653,0.6344379725912744,0.009192235276902605,0.8223155493051202,0.33156946617173033,223.0,351.0
"Single ZIP (basin, log(max_wind_speed) & log(sdi))",single,zip,basin,25,2.1263692879023686,0.9495664114247286,15.324071131845342,1.6146666092223914,-0.00025410395011601114,339.0015017500489,271.69023804741556,5186.940647878336,0.1916515680425401,0.5281272595806218,0.6025436344330162,-0.021557331743995878,0.8626322126550598,0.3526794565759771,242.0,110.0
"Single ZIP (basin, log(max_wind_speed))",single,zip,basin,25,2.0205841685580075,0.903445503396378,15.233924459706893,1.5518016769593328,0.0031645429749463418,341.2097764820868,266.0148509076172,5147.4605446439455,0.22865949272779615,0.5509761388286334,0.6223167610036864,-0.015547832501723313,0.8617373912096568,0.3576065000135332,233.0,119.0
"Single ZIP (basin, log(sdi))",single,zip,basin,25,2.1740526182030626,0.9494419896481853,15.326014951812821,1.6426067764346037,0.0040415470291347245,341.68316940094695,267.82990565152437,5146.481727868734,0.23486695393275372,0.5162689804772235,0.5936307690773752,-0.021686913727940293,0.8615455662841833,0.35772865452615554,253.0,120.0
"Single ZIP (basin, no log)",single,zip,basin,25,2.082644759753198,0.9031395552321608,15.286653659937597,1.59031811995225,0.007450440617097083,344.95815321300825,261.9304687248351,5101.083781889506,0.2744184539450893,0.5378163412870571,0.6107165290205995,-0.01906294938086206,0.8602185005410201,0.3633942337291157,236.0,127.0
"Single ZIP (year, log(max_wind_speed) & log(sdi))",single,zip,year,25,1.5501574983362891,0.8324545243908517,14.758173485745115,2.155890559151227,-0.0652378147664618,333.27965903056787,271.8352188811475,5293.608576738575,-0.009514574708681226,0.4653651482284888,0.7102479005643736,0.016167427193529482,0.8649507772332498,0.3393674974919709,13.0,90.0
"Single ZIP (year, log(max_wind_speed))",single,zip,year,25,1.5504306842396787,0.8325512044506831,14.758141504072912,2.1566748118621017,-0.06479380431993612,333.5590895117494,271.7844514798527,5293.66450636492,-0.009573315126815807,0.4650759219088937,0.7101968372439508,0.016169559206063222,0.8648375483929098,0.3393605175786507,14.0,94.0
"Single ZIP (year, log(sdi))",single,zip,year,25,1.5491999621369736,0.833293887191147,14.758359730026642,2.153058579111965,-0.07029980087629345,333.38489466032735,271.96915432737103,5293.5639159694565,-0.0091921959815505,0.4656543745480839,0.7104268811675285,0.016155011484306203,0.8649081343967571,0.33937307107287307,11.0,92.0
"Single ZIP (year, no log)",single,zip,year,25,1.549409225101602,0.8334388194126447,14.758329902395225,2.1536627759454126,-0.06927097832497536,333.3794873516262,271.46419457222277,5293.619540520967,-0.009423168703618149,0.4657989877078814,0.7103877661850829,0.01615699990078512,0.8649103255080882,0.33936612923232456,12.0,91.0
"Single ZIP (basin_year, log(max_wind_speed) & log(sdi))",single,zip,basin_year,25,1.552141920240556,0.8345612613149548,14.757775556558142,2.171239241622469,-0.06628859027444427,334.4377968822305,275.32748870789646,5293.137034751238,-0.006879125924041625,0.462762111352133,0.7098769766978991,0.016193954574861058,0.8644814848162485,0.3394263450547659,18.0,97.0
"Single ZIP (basin_year, log(max_wind_speed))",single,zip,basin_year,25,1.552336960310031,0.8345292216742461,14.757755015472572,2.171901569391244,-0.06621102554522539,334.56317573826993,275.2905529240948,5293.1509047115305,-0.006870202996864865,0.462472885032538,0.7098405202283693,0.016195323917014726,0.8644306796842799,0.3394246141095242,20.0,99.0
"Single ZIP (basin_year, log(sdi))",single,zip,basin_year,25,1.5513433063060351,0.83531496587049,14.757883510154066,2.1714571801200266,-0.07350136482237764,334.60272811164725,276.44388781927057,5292.849288471202,-0.005684868829538357,0.46334056399132323,0.7100262518937512,0.01618675800245839,0.8644146525516948,0.3394622552552108,16.0,100.0
"Single ZIP (basin_year, no log)",single,zip,basin_year,25,1.551537722660039,0.8352829357772751,14.757863059802439,2.1721210052697137,-0.07341919762291481,334.7281575974651,276.4086662389295,5292.862540057995,-0.005675161193714969,0.46319595083152565,0.7099899120077734,0.016188121295963143,0.864363826903886,0.33946060148183144,17.0,101.0
"Single ZIP (island, log(max_wind_speed) & log(sdi))",single,zip,island,25,1.9635058844971391,1.0447319256779732,15.231344567244497,1.775332540496096,-0.0022807235677319553,376.0388079661417,262.0345915745721,5274.640990001346,0.09980304528336437,0.5651482284887924,0.6329857108726962,-0.015375847652697505,0.8476242177705033,0.34173461703077024,225.0,177.0
"Single ZIP (island, log(max_wind_speed))",single,zip,island,25,1.8847048049311181,0.9772082784603647,14.964423354425037,1.6888780265769454,0.005319930579056738,376.80942900236596,264.5516003164459,5253.494116222368,0.12685084400917024,0.5840925524222704,0.647715038871015,0.0024180740543784385,0.8473119521726192,0.34437370753818275,219.0,178.0
"Single ZIP (island, log(sdi))",single,zip,island,25,1.9880007727665188,1.0025594782147074,15.155089797741677,1.8429660437724709,-0.0007455061277718042,391.2715896937727,254.6815483191843,5280.763496200914,0.10035667588233838,0.5577729573391179,0.6284071791369783,-0.010292432273335983,0.8414516978547186,0.3409705396469578,231.0,231.0
"Single ZIP (island, no log)",single,zip,island,25,1.9388349305952102,0.9775050743033974,14.975146569390269,1.745333862101761,0.016218949497852252,385.653199555849,251.87621455224286,5273.141242362205,0.10710858741836614,0.5733911785972523,0.6375971524170785,0.0017032262327160153,0.8437283421105788,0.34192178274610663,222.0,202.0
"Single ZIP (island_basin, log(max_wind_speed) & log(sdi))",single,zip,island_basin,25,2.0750430228373586,0.9849576435815944,15.319045586618023,1.5641951472294187,-0.004754523887531908,345.9166211906016,269.93742753567335,5257.5043517967315,0.12616599283309965,0.5527114967462039,0.6121374293053032,-0.021222310943791456,0.8598301169361001,0.34387323759887134,234.0,130.0
"Single ZIP (island_basin, log(max_wind_speed))",single,zip,island_basin,25,2.0199446926773197,0.940730749469728,15.242974119556708,1.5139277482482887,6.547950371481898e-05,344.6778633087444,267.77673171834374,5212.891967262474,0.16892855307674737,0.5671728127259581,0.6224362904574139,-0.016151115160086604,0.860332077630694,0.3494407801949041,232.0,126.0
"Single ZIP (island_basin, log(sdi))",single,zip,island_basin,25,2.227623432497459,1.0334848736858102,15.669097472134636,1.603939628793401,-0.0004952595157937576,346.03044456391933,271.02530890338033,5228.904947409379,0.15128693914197028,0.5340563991323211,0.5836174278995034,-0.04455802030350409,0.859783994234991,0.3474423900620284,269.0,131.0
"Single ZIP (island_basin, no log)",single,zip,island_basin,25,2.1222794608128956,0.954876111654718,15.33664728864118,1.5616021879607773,0.00342437374754752,346.47866709497,268.8249300016666,5171.934253847008,0.20855229033297804,0.5496746203904556,0.6033080961001533,-0.022395703288307756,0.8596023686757803,0.35455222663421315,240.0,132.0
"Single ZIP (island_year, log(max_wind_speed) & log(sdi))",single,zip,island_year,25,1.5542590344251774,0.8304845082342858,14.757931984304523,2.1681454330346286,-0.06608933708059425,335.80214143786975,270.89199102750104,5294.058635335464,-0.009689309096231157,0.46377440347071586,0.7094812502762952,0.01618352654239963,0.8639286347792523,0.3393113310163376,24.0,105.0
"Single ZIP (island_year, log(max_wind_speed))",single,zip,island_year,25,1.552862116187454,0.82986574581363,14.75811327252698,2.1632097994998416,-0.06692302598206593,334.94458219724424,270.9810663169024,5293.987714618186,-0.00970977248580828,0.4636297903109183,0.7097423592233245,0.016171441221781047,0.8642761288605287,0.33932018178991774,22.0,102.0
"Single ZIP (island_year, log(sdi))",single,zip,island_year,25,1.5532707387850457,0.8306520193956611,14.758159289119785,2.16617562402221,-0.0718900352110612,335.7575946767898,270.50491131851845,5293.964089494383,-0.009523816705862451,0.4642082429501085,0.7096659803678494,0.01616837359129586,0.8639466857022463,0.3393231301614178,23.0,104.0
"Single ZIP (island_year, no log)",single,zip,island_year,25,1.552270308123897,0.8308935267227732,14.758231497208754,2.163758034804596,-0.07246811427963722,335.1945653385618,271.2628478726199,5293.846680348473,-0.009259494999566442,0.4650759219088937,0.7098529787113848,0.01616355994209895,0.8641748324626689,0.3393377826044074,19.0,103.0
"Single ZIP (island_basin_year, log(max_wind_speed) & log(sdi))",single,zip,island_basin_year,25,1.8992731639836524,1.412110873455732,15.558699476112727,2.3057638113716465,0.02510609450449999,359.924656252128,273.864481911578,5293.060503736326,0.010354213957271378,0.43702096890817066,0.6449919525876313,-0.03719849545689469,0.8541538801893054,0.3394358959830539,221.0,158.0
"Single ZIP (island_basin_year, log(max_wind_speed))",single,zip,island_basin_year,25,1.8246916161150033,1.2193995348208746,15.250358569264666,2.289728338474354,0.030353970121052076,360.7133399813698,274.52476336087665,5293.696844024294,0.010194719270233483,0.44092552422270426,0.6589325748129813,-0.016643388960903227,0.8538342953548972,0.33935648189891965,211.0,160.0
"Single ZIP (island_basin_year, log(sdi))",single,zip,island_basin_year,25,2.0794920487732815,1.5540348896468361,16.17261939019858,2.289781799939879,0.013124711354225159,359.4815168851054,269.6909033523292,5291.727950785655,0.015360814452710635,0.4345625451916124,0.6113058269637601,-0.07812459035309649,0.8543334459847933,0.3396021961123069,235.0,157.0
"Single ZIP (island_basin_year, no log)",single,zip,island_basin_year,25,1.960409023968148,1.3216772960907217,15.627930697936707,2.2701971130341327,0.017740255027915482,360.64252798515395,270.69299590765877,5292.423895523643,0.014913081111054601,0.44121475054229936,0.6335645693699119,-0.04181369605413732,0.8538629892904328,0.33951534350369417,224.0,159.0
"Single GPD (base, log(max_wind_speed) & log(sdi))",single,gpd,base,25,1.5602888580552245,0.8699951814473151,14.839147489357027,1.1101506614173104,0.04165613812646139,692.9287793157341,369.4896433744002,7400.825797125079,0.10708700894519534,0.7045553145336225,0.7083541686359407,0.010769410807497937,0.7192163081554283,0.07639070851116792,27.0,526.0
"Single GPD (base, log(max_wind_speed))",single,gpd,base,25,1.5847174330978584,0.8748395686877727,14.885241312129434,1.1252846387793642,0.0447661930024999,946.9430427691298,589.4001658071808,11482.329686628917,0.0797459814266583,0.7081706435285611,0.7037880320256797,0.0076966318967157665,0.616286447536772,-0.4329733839469918,32.0,536.0
"Single GPD (base, log(sdi))",single,gpd,base,25,1.621562621664772,0.8782805832910975,14.97795427598837,1.135273147844744,0.055187168607364036,840.3851761419113,391.8612088133667,8681.362304903483,0.166745508657001,0.7051337671728127,0.69690100876977,0.0015160544794660114,0.6594650714874435,-0.08341786543665175,93.0,533.0
"Single GPD (base, no log)",single,gpd,base,25,1.6560381387254037,0.8944026202273929,15.16188875199979,1.1400889648027404,0.055452000214629524,1080.7617425722253,647.1335854987816,12963.31523637344,0.12425409548529422,0.7068691250903832,0.690456919405839,-0.010745674855598075,0.5620613818587986,-0.6177976254304345,101.0,541.0
"Single GPD (basin, log(max_wind_speed) & log(sdi))",single,gpd,basin,25,2.928828330484575,3.7297753610175985,61.406708533432784,1.0664335217947842,0.003187183077854459,5381.453782238763,6550.624318765821,116073.94719797435,0.0409299221434634,0.7220535068691251,0.45254971926707743,-3.0935905857440886,-1.1806345840622576,-13.485812674239511,370.0,554.0
"Single GPD (basin, log(max_wind_speed))",single,gpd,basin,25,3.3971144570099616,5.8578686719625015,94.53672768429755,1.0523687360963376,-0.0002853230503864161,5006.546910150543,6856.192261392073,114223.27721090401,0.03130992557940488,0.7185827910339841,0.365018685521839,-5.302156029821959,-1.0287174768715555,-13.254852502713561,402.0,552.0
"Single GPD (basin, log(sdi))",single,gpd,basin,25,3.737070762173466,5.207932259457771,86.28602484667688,1.0797737661569304,0.002657378090285843,5478.16806208492,6823.540503848264,118022.06568071256,0.059560306894401435,0.7187274041937817,0.30147478547089424,-4.752134700418393,-1.2198244595009853,-13.728934236738265,416.0,556.0
"Single GPD (basin, no log)",single,gpd,basin,25,4.420662412273971,8.536338963727243,137.99757897117715,1.0789578067583778,-0.0008738428346107665,6338.892401506328,7962.616651756818,140140.71649596724,0.03133321230893514,0.7213304410701373,0.17369930718183846,-8.199411654254767,-1.5686010796925713,-16.48930071045017,427.0,560.0
"Single GPD (year, log(max_wind_speed) & log(sdi))",single,gpd,year,25,1.5408465844239376,0.8736854589626116,14.818194379065273,1.1378211767310704,0.07677221201717047,608.7367168798744,362.0032525046832,6418.11775993568,0.18773056903304966,0.6989154013015184,0.7119882765304697,0.01216622000116574,0.7533320193517414,0.1990308433892869,8.0,509.0
"Single GPD (year, log(max_wind_speed))",single,gpd,year,25,1.5555509414127178,0.8749645997819863,14.825964986473537,1.142125508159548,0.07394975386996962,819.8293408353596,517.9252357730805,9454.059187073306,0.12296486607514849,0.7035430224150397,0.7092397698058803,0.011648203548376146,0.6677945614705586,-0.17984899885878036,25.0,532.0
"Single GPD (year, log(sdi))",single,gpd,year,25,1.6653425481680437,0.9435347492978385,15.183102986656102,1.1343774471730583,0.031157125352844116,1033.3450701431786,1244.0672880991874,23000.927111219815,0.03111500868882121,0.7045553145336225,0.688717759241206,-0.012159891532356859,0.5812752300016912,-1.8704729141216085,105.0,538.0
"Single GPD (year, no log)",single,gpd,year,25,1.6592979289684324,0.9210704744635482,15.362952927632715,1.1381507872523158,0.04135599826552419,1061.8750925389488,968.8090003529468,14733.047455200793,0.08730011005661129,0.7065798987707882,0.6898476064375432,-0.024149331168706212,0.5697144964085458,-0.8386569140507723,103.0,540.0
"Single GPD (basin_year, log(max_wind_speed) & log(sdi))",single,gpd,basin_year,25,2.200193354686105,1.3333512294598426,22.529820183277348,1.0713898189319375,0.034249007780018915,6839.211786890763,10403.008750688075,183472.66604546268,0.04755269327609886,0.7185827910339841,0.5887445989398994,-0.5019183083320287,-1.7713369572071032,-21.897047402418806,263.0,563.0
"Single GPD (basin_year, log(max_wind_speed))",single,gpd,basin_year,25,3.4166974817806994,4.975715084798296,82.05526965054594,1.067797326114974,0.0038155728574553885,6637.556194624677,9087.6933945042,158965.8038113427,0.055987387705628305,0.7190166305133767,0.3613582687276029,-4.470097443332057,-1.6896235064633065,-18.838636586498417,403.0,562.0
"Single GPD (basin_year, log(sdi))",single,gpd,basin_year,25,2.1977215047023084,1.2267367437457637,20.022042359564715,1.079231529887996,0.07106668239530146,7409.6790461686605,9406.662886380154,180518.29857800037,0.0583721647563609,0.7171366594360087,0.5892066318127291,-0.33474087877319425,-2.002497659313715,-21.528347838583578,262.0,565.0
"Single GPD (basin_year, no log)",single,gpd,basin_year,25,3.5628134330602292,4.348198488597559,72.76001392243185,1.076442127619679,0.00025116256818277885,11298.96097369784,28278.506884760664,419369.84036157577,0.013250935237206296,0.721475054229935,0.3340465899532099,-3.85044248625233,-3.578484933668822,-51.336575910029275,410.0,568.0
"Single GPD (island, log(max_wind_speed) & log(sdi))",single,gpd,island,25,1.600848450880754,0.8996689255605999,15.004335896838285,1.1265466127405552,0.023891367070474578,759.4278641243216,412.6729218766689,8168.791745892702,0.08521767171496622,0.7051337671728127,0.700772856939507,-0.0002426386230813815,0.6922700200314469,-0.019450013223472506,73.0,531.0
"Single GPD (island, log(max_wind_speed))",single,gpd,island,25,1.6840439298963354,0.9483758877696683,15.38734010048752,1.13080057832556,0.012151366245607496,1059.4587532660441,648.4133327310348,12378.119036009271,0.054796287194121523,0.7093275488069414,0.6852221372647711,-0.025775067242102656,0.5706936282934492,-0.5447662282841503,118.0,539.0
"Single GPD (island, log(sdi))",single,gpd,island,25,1.6758366004635616,0.9145520576198231,15.254613792066886,1.1404870583708913,0.029201493141338655,912.4465007765195,442.93064547372427,9692.421051510826,0.1195546567483526,0.7055676066522053,0.6867562335978588,-0.016927057316029837,0.6302648919392709,-0.2095961161084008,111.0,535.0
"Single GPD (island, no log)",single,gpd,island,25,1.8115513122706774,1.0800704310670843,16.67240186649926,1.143028594865055,0.01874234994901398,1267.1524904783223,907.5617453526137,16415.152462872316,0.08106807554044144,0.7084598698481562,0.6613887320939039,-0.11144187585441023,0.48653344322356684,-1.0485804897345599,206.0,543.0
"Single GPD (island_basin, log(max_wind_speed) & log(sdi))",single,gpd,island_basin,25,3.1242504634107533,4.060189288722006,67.0034369608008,1.0667509393901549,0.003443106392329461,5173.0037625765235,6544.2450573273,112662.37754573839,0.04333130460305429,0.718293564714389,0.41602183526024583,-3.4666884987964766,-1.0961679435748546,-13.060055128292344,384.0,553.0
"Single GPD (island_basin, log(max_wind_speed))",single,gpd,island_basin,25,4.0672839870026385,7.585284888529106,122.6424823604446,1.0745844256292882,-0.0009159257743299269,5788.030560709765,7119.003361937074,121563.32037135385,0.027103175015311093,0.7203181489515545,0.23975204100244496,-7.175786053239806,-1.345384746395093,-14.170876234221202,420.0,558.0
"Single GPD (island_basin, log(sdi))",single,gpd,island_basin,25,3.7465023262681068,5.994070671655507,97.950925675432,1.0855365599561948,0.002294984112135899,5596.492990313502,6892.455231022784,119259.14035031345,0.05515716891699483,0.7200289226319595,0.2997118578326917,-5.529758666214122,-1.267771248806047,-13.883318854134975,417.0,557.0
"Single GPD (island_basin, no log)",single,gpd,island_basin,25,4.6640770253356765,8.861981753292298,143.3342571518313,1.0899396254740572,-0.0004956791517606822,6609.002908482035,8087.956139722866,142593.78015228838,0.03500338345840878,0.7191612436731742,0.12820077219836978,-8.555173688749381,-1.6780533460994342,-16.795438491246454,429.0,561.0
"Single GPD (island_year, log(max_wind_speed) & log(sdi))",single,gpd,island_year,25,2.1696770612752325,3.1370387650164395,45.22099030363155,1.1421541848393142,-0.003049420947668434,2121.039353178032,6902.572489862242,106584.68691438803,0.001720641756367539,0.6996384671005061,0.5944486387502308,-2.0145927799433285,0.14052745691836033,-12.301570644021629,250.0,547.0
"Single GPD (island_year, log(max_wind_speed))",single,gpd,island_year,25,1.886170762195553,1.3108552109243412,23.54040666619594,1.140366164259318,-0.0020678825696211433,1500.2495892293405,2493.228426698978,45570.32078742267,0.006335440202369956,0.7055676066522053,0.6474410252978724,-0.5692876139235086,0.3920794879264565,-4.68709125834852,220.0,545.0
"Single GPD (island_year, log(sdi))",single,gpd,island_year,25,1.6687110946756496,0.9393852228920877,15.622696270056272,1.1395298493493073,0.01815828061169854,859.6349996847376,687.7936808894721,11276.754014956867,0.07558389837617281,0.7012292118582791,0.6880881177862745,-0.04146475038997699,0.6516647943405645,-0.4073179225613015,108.0,534.0
"Single GPD (island_year, no log)",single,gpd,island_year,25,1.7792023892530424,1.0966457406170191,16.722783985142062,1.14481901450073,0.03292482005330551,1245.1279158038956,1138.6332919971196,19092.431842767346,0.05199538836875953,0.7057122198120029,0.66743532308153,-0.11480052788920725,0.49545808537004954,-1.3826999757172018,197.0,542.0
"Single GPD (island_basin_year, log(max_wind_speed) & log(sdi))",single,gpd,island_basin_year,25,2.1770916703947822,1.151187470390288,20.710063070593012,1.0752721450740188,0.042440090822839296,6168.350442833463,8155.846179698122,153240.32869497646,0.050234009879179406,0.716413593637021,0.5930627159900017,-0.3806067975421341,-1.4994952751712782,-18.12410794325996,255.0,559.0
"Single GPD (island_basin_year, log(max_wind_speed))",single,gpd,island_basin_year,25,2.9741319674031357,3.364036865390765,58.09029464358966,1.0730381294238485,0.0023854985140150616,4804.217017801526,5221.644744952761,97869.82703123138,0.0348381662383499,0.7174258857556037,0.444081661070855,-2.8725065869086635,-0.9467307910243135,-11.213972343135596,374.0,551.0
"Single GPD (island_basin_year, log(sdi))",single,gpd,island_basin_year,25,2.682593970289512,2.6375886629179472,42.65746641531024,1.0803770123689425,0.01991015194467225,8688.845674658121,12307.693046972607,222473.98386848913,0.05848926675169776,0.7171366594360087,0.4985753153089513,-1.8436991185472165,-2.5208324999972316,-26.7643393113365,338.0,566.0
"Single GPD (island_basin_year, no log)",single,gpd,island_basin_year,25,3.170914686136692,3.7109783747056535,62.69027135885019,1.0839132603634292,-5.471757065383292e-05,5442.8536992207855,5710.212576932366,111959.28391234492,0.02302167127009339,0.7191612436731742,0.40729945929658806,-3.1791574696209377,-1.205514623517665,-12.97231035083236,388.0,555.0
"Single ZIGPD (base, log(max_wind_speed) & log(sdi))",single,zigpd,base,25,1.8060265640657827,0.8591845326687051,15.639276258013252,1.3692584727014436,0.38793289068491243,269.29825768885854,306.2237486308257,5291.316792874765,0.016340271623428645,0.6322487346348518,0.6624214061240844,-0.04257003162444484,0.8908768674958807,0.3396535078546957,205.0,10.0
"Single ZIGPD (base, log(max_wind_speed))",single,zigpd,base,25,1.708320368616835,0.8534767211178289,15.274570710768748,1.3502487703840222,0.5413408064579586,276.6405869282559,306.3318549188515,5292.983850535406,0.023984025550991096,0.6439624005784527,0.6806844376480325,-0.018257456819105622,0.8879016608482189,0.3394454621599282,126.0,17.0
"Single ZIGPD (base, log(sdi))",single,zigpd,base,25,2.7916735311850025,1.7094719236995148,32.91261828489543,1.3344059433856787,0.36672216330685103,258.48177284310356,306.57115814842564,5287.7060871306585,0.03577061512198191,0.6203904555314533,0.47818639882213887,-1.1940727256189398,0.8952598468704291,0.3401041172144491,362.0,3.0
"Single ZIGPD (base, no log)",single,zigpd,base,25,2.6899059335355884,1.919474232420408,32.27542414986952,1.3208819238295308,0.44804633394710514,263.76834897602856,308.13548178049575,5287.350230808264,0.04253501495448983,0.6286334056399132,0.4972085788942189,-1.1515950880003523,0.8931176579353904,0.34014852742147306,340.0,7.0
"Single ZIGPD (basin, log(max_wind_speed) & log(sdi))",single,zigpd,basin,25,1.6958261080678914,0.8508221914441927,15.056715698741977,1.410644696272847,0.2777865590460833,296.5767331505711,303.171980244484,5293.665776988647,0.03942130937514975,0.6334056399132321,0.683019837908224,-0.0037344633614053713,0.8798232768864751,0.33936035900717343,121.0,32.0
"Single ZIGPD (basin, log(max_wind_speed))",single,zigpd,basin,25,1.6552561197497533,0.8452304689228527,14.97414554759172,1.3967335538395333,0.5236312516144244,293.84323716440315,304.36172771785414,5292.602129448277,0.04038262288581412,0.641648590021692,0.6906030927077367,0.0017699579222746342,0.8809309247682625,0.33949310024147406,100.0,30.0
"Single ZIGPD (basin, log(sdi))",single,zigpd,basin,25,3.325404564885,2.028602029964541,38.197895646728355,1.3836173480696214,0.4183224309996838,269.7294216385976,303.3346816362955,5279.18988414702,0.09646300054237698,0.6091106290672451,0.3784225440431893,-1.5464081978852326,0.8907021542941609,0.34116692350384303,396.0,11.0
"Single ZIGPD (basin, no log)",single,zigpd,basin,25,3.1363969926084794,1.9464414320032255,36.04965189641795,1.3672230382221453,0.512695762598564,269.81678363927307,304.1435614215872,5281.682762105641,0.08087623004170942,0.6195227765726681,0.4137514321949609,-1.4031985942086838,0.8906667540830442,0.3408558169721876,386.0,12.0
"Single ZIGPD (year, log(max_wind_speed) & log(sdi))",single,zigpd,year,25,2.471808883639843,1.3743316014943345,24.287881467146388,1.3321326888154765,0.43063568441856687,257.86075510526683,305.6330568927178,5288.2644402073,0.02580542966273197,0.6383224873463486,0.5379748095229338,-0.6191169547452164,0.8955114912794014,0.34003443578920634,308.0,2.0
"Single ZIGPD (year, log(max_wind_speed))",single,zigpd,year,25,1.6538362166179812,0.8451880375609753,15.000853720147779,1.3776604194900126,0.41162845815495963,275.38180318824203,306.78068607495953,5295.432296173182,0.009514576589502863,0.641648590021692,0.6908684979416356,-1.0504283713741458e-05,0.8884117362792091,0.33913990069925537,99.0,16.0
"Single ZIGPD (year, log(sdi))",single,zigpd,year,25,2.174081284171796,1.0231815080394595,19.751404279680322,1.3028358544437992,0.2589109782779607,255.94689237007827,304.639460992493,5285.548523530533,0.060364317530636306,0.6190889370932755,0.5936254108962666,-0.31669917742788556,0.8962870131808018,0.34037337713796034,254.0,1.0
"Single ZIGPD (year, no log)",single,zigpd,year,25,1.6119258003772383,0.8592409568678167,15.042510355901557,1.2218521355328842,0.0676088452423262,261.49288969213575,303.9764825369984,5284.748479601154,0.056334736263384325,0.6524945770065076,0.6987023026401965,-0.0027874844545787703,0.8940397034290187,0.3404732211319996,91.0,6.0
"Single ZIGPD (basin_year, log(max_wind_speed) & log(sdi))",single,zigpd,basin_year,25,1.8527589508177038,0.9480442325904395,16.240033230496834,1.417079148965775,0.3131647823935095,292.86136007562914,305.45670179389873,5292.794796643636,0.04778635479854399,0.6354302241503977,0.6536862890875643,-0.08261863780466339,0.8813287940474052,0.3394690557339183,216.0,29.0
"Single ZIGPD (basin_year, log(max_wind_speed))",single,zigpd,basin_year,25,1.5524483679361958,0.8532254424466114,15.195480699756605,1.3378293818235059,0.17008329705973818,292.1847252651059,309.9342003281994,5298.679063875052,0.0406280761865124,0.6481561822125813,0.7098196961549386,-0.012985034110934768,0.8816029752126281,0.33873471013012757,21.0,28.0
"Single ZIGPD (basin_year, log(sdi))",single,zigpd,basin_year,25,1.8271843203778904,1.1912363340387147,18.75705878562199,1.3371387892539508,0.16977472513927544,277.76929762788586,300.7706362679308,5266.512423129074,0.11793872893463973,0.6276211135213304,0.658466643903239,-0.2504125541799045,0.8874442926933278,0.3427490470545975,213.0,19.0
"Single ZIGPD (basin_year, no log)",single,zigpd,basin_year,25,1.6156484436674874,0.8757398145635348,15.43686970280477,1.3321445438058481,0.12211393273305055,286.39808058285513,309.27477454128734,5279.52241812827,0.09343743316617852,0.6433839479392625,0.6980064741776324,-0.029076887492754278,0.8839477983831704,0.3411254238816066,92.0,24.0
"Single ZIGPD (island, log(max_wind_speed) & log(sdi))",single,zigpd,island,25,1.860330652151693,0.923911234122519,16.01159695334746,1.388577686503193,0.3468731529448011,278.1963812739642,305.55084514065703,5292.950648048869,0.02194178003364801,0.6302241503976862,0.6522710029891017,-0.06739025940897103,0.8872712328833561,0.3394496057684805,217.0,21.0
"Single ZIGPD (island, log(max_wind_speed))",single,zigpd,island,25,1.7174083095133377,0.8823792771856737,15.277746985489472,1.373563863653594,0.5007672345120281,283.7017086773124,306.7521589457967,5295.876666266374,0.025273790183122372,0.636587129428778,0.6789857393176147,-0.018469198640236106,0.8850404031079617,0.33908444413830097,128.0,23.0
"Single ZIGPD (island, log(sdi))",single,zigpd,island,25,3.354982602941591,2.1056322068524085,39.302793484553796,1.3444577242875027,0.38647175268004275,260.0936026771511,303.93495555492035,5285.352497022722,0.0585455554847374,0.6101229211858279,0.3728938809020038,-1.6200646353519743,0.8946067126018886,0.34039784088146086,398.0,4.0
"Single ZIGPD (island, no log)",single,zigpd,island,25,2.7153251356076584,1.6784163644949694,28.68949301462074,1.336803753289212,0.4020714792003803,267.8841707615567,302.8857076720498,5285.893460529155,0.055580705090246166,0.6159074475777295,0.4924572764141383,-0.9125441066505069,0.8914498737843899,0.34033032964222965,347.0,9.0
"Single ZIGPD (island_basin, log(max_wind_speed) & log(sdi))",single,zigpd,island_basin,25,1.7139976506332764,0.8412201126158795,15.08262832241822,1.406788925324912,0.23336231471573762,298.74452799780863,301.40983823071116,5295.894288359826,0.03494502336901624,0.6323933477946493,0.6796232523264651,-0.0054618914367148275,0.8789448584132663,0.3390822449338211,127.0,33.0
"Single ZIGPD (island_basin, log(max_wind_speed))",single,zigpd,island_basin,25,1.6638894078597584,0.8540474252845895,14.983864319040794,1.394373028927433,0.5226174741280345,295.02934022489416,303.93160197173114,5294.052534730862,0.038231957429896116,0.6387563268257411,0.6889893770965221,0.0011220698940916929,0.8804503004874212,0.3393120923604427,104.0,31.0
"Single ZIGPD (island_basin, log(sdi))",single,zigpd,island_basin,25,3.1318418930128846,1.8980313517865033,34.72371483254463,1.3850829254248649,0.3344335307784341,277.6152835218546,303.22714874853466,5280.171627390452,0.07510181766399254,0.613882863340564,0.414602861596411,-1.3148068922009823,0.8875067011984706,0.34104440377343104,385.0,18.0
"Single ZIGPD (island_basin, no log)",single,zigpd,island_basin,25,2.938806045456258,1.7726903184947649,31.24007479571622,1.3705411777558572,0.4872831892096593,275.1421006703853,306.6557177397629,5278.555059043559,0.10884507621999785,0.6205350686912509,0.4506847062837398,-1.08257500093917,0.8885088668356491,0.3412461484957696,371.0,15.0
"Single ZIGPD (island_year, log(max_wind_speed) & log(sdi))",single,zigpd,island_year,25,2.657275349644286,1.5337817594382182,26.90864213355896,1.3536875890944575,0.41366510156813396,264.3119916493661,304.45048195074764,5287.4774617823605,0.041574340692214655,0.6258857556037599,0.5033078173254509,-0.7938262242654006,0.8928973669019963,0.3401326492325977,335.0,8.0
"Single ZIGPD (island_year, log(max_wind_speed))",single,zigpd,island_year,25,1.6367536906749691,0.8499132613396783,14.944708397024947,1.3754265028083819,0.36983814420167205,281.3839414165015,306.0928414869499,5293.229150062694,0.03212120203482595,0.6367317425885756,0.6940615268828649,0.0037323435525948856,0.8859795923403235,0.3394148492352612,98.0,22.0
"Single ZIGPD (island_year, log(sdi))",single,zigpd,island_year,25,2.1105848004759595,1.0827623957279844,18.23370642136693,1.309182700724622,0.23573284204252512,260.2270292447122,303.46771637873326,5280.902898556448,0.09660765942091032,0.6180766449746927,0.6054940368116299,-0.2155240157366658,0.8945526464332603,0.3409531424923218,238.0,5.0
"Single ZIGPD (island_year, no log)",single,zigpd,island_year,25,2.22606290485051,3.034809288084361,44.56378666477974,1.343930958718114,0.18303545307728153,273.1903277745139,304.4611968697337,5287.559341048721,0.04938865546484387,0.6112798264642082,0.5839091183647731,-1.9707812373094193,0.8892997504238386,0.3401224308524785,268.0,13.0
"Single ZIGPD (island_basin_year, log(max_wind_speed) & log(sdi))",single,zigpd,island_basin_year,25,1.7843588710199296,0.9225255868114295,15.996158669276477,1.4139106933512475,0.2034064745217088,291.44937593173,305.0236510030831,5291.071786602522,0.04133960697731325,0.6323933477946493,0.6664714846204313,-0.06636108823464237,0.8819009482609182,0.3396840841816787,199.0,27.0
"Single ZIGPD (island_basin_year, log(max_wind_speed))",single,zigpd,island_basin_year,25,1.7802273820810492,1.3349553137288894,18.989369432715296,1.3592349553903886,0.3156345942774945,290.65612711034504,308.83111678045213,5292.126395622551,0.02954419435783328,0.645408532176428,0.6672437336306902,-0.26589921191847266,0.8822223829296295,0.33955247093790186,198.0,26.0
"Single ZIGPD (island_basin_year, log(sdi))",single,zigpd,island_basin_year,25,1.8746678170952489,0.892808638358474,16.795954627149648,1.340685289689489,0.1291717598502693,275.0732137589405,298.4698561767712,5278.0982409196395,0.08652885352621685,0.6170643528561099,0.64959113101041,-0.11967834431071478,0.8885367807019694,0.34130315854780147,218.0,14.0
"Single ZIGPD (island_basin_year, no log)",single,zigpd,island_basin_year,25,1.6581147491383788,1.0953276142036223,16.661853763589658,1.2795567995648598,0.19026350419235746,277.78514961193065,304.46651049897713,5280.322947749641,0.07808332327653614,0.648879248011569,0.6900687638619571,-0.11073870162801924,0.887437869264635,0.3410255192741104,102.0,20.0
